cluster,gene,rank,score,logfoldchange,pval,pval_adj
0,ST18,1,51.503063,8.82482,0.0,0.0
0,MBP,2,51.41357,4.916962,0.0,0.0
0,CTNNA3,3,51.158085,6.6306863,0.0,0.0
0,PIP4K2A,4,50.900967,4.527424,0.0,0.0
0,SLC44A1,5,50.791214,4.512999,0.0,0.0
0,PLP1,6,50.782303,7.430964,0.0,0.0
0,RNF220,7,50.464424,6.194485,0.0,0.0
0,IL1RAPL1,8,49.926098,3.7447798,0.0,0.0
0,TTLL7,9,49.815937,4.0307837,0.0,0.0
0,SLC24A2,10,49.555504,4.4338846,0.0,0.0
0,TMEM144,11,49.044422,6.136015,0.0,0.0
0,EDIL3,12,48.599277,4.02586,0.0,0.0
0,PRUNE2,13,47.691402,4.327464,0.0,0.0
0,PHLPP1,14,47.347366,3.6292758,0.0,0.0
0,MAN2A1,15,47.281353,4.2589293,0.0,0.0
0,FRMD5,16,47.195545,3.65488,0.0,0.0
0,MAP7,17,47.09087,3.2122712,0.0,0.0
0,SIK3,18,46.874004,2.7268727,0.0,0.0
0,CLMN,19,46.60579,5.4686317,0.0,0.0
0,QKI,20,46.13723,2.6322074,0.0,0.0
0,FRYL,21,46.04226,3.430699,0.0,0.0
0,ENPP2,22,45.759304,6.6490974,0.0,0.0
0,TMTC2,23,45.746944,4.208768,0.0,0.0
0,MOBP,24,45.59213,7.875646,0.0,0.0
0,C10orf90,25,45.406673,4.743782,0.0,0.0
0,TF,26,45.267406,5.6126266,0.0,0.0
0,SHTN1,27,44.96643,3.4597762,0.0,0.0
0,PDE1C,28,44.862514,4.2546067,0.0,0.0
0,PLEKHH1,29,44.83663,5.230968,0.0,0.0
0,PDE4B,30,44.656242,3.0735166,0.0,0.0
0,ZNF536,31,43.863384,4.5077744,0.0,0.0
0,DOCK5,32,43.727432,4.0351267,0.0,0.0
0,SEPT7,33,43.440617,2.8448224,0.0,0.0
0,DOCK10,34,43.377705,3.158701,0.0,0.0
0,TRIM2,35,43.372044,2.7231977,0.0,0.0
0,ABCA2,36,43.01264,4.470465,0.0,0.0
0,PEX5L,37,42.650303,3.3861327,0.0,0.0
0,SPOCK3,38,42.631798,3.836682,0.0,0.0
0,FRMD4B,39,42.63112,4.1804624,0.0,0.0
0,CNP,40,42.47198,5.2732353,0.0,0.0
0,GPM6B,41,42.4544,2.7041945,0.0,0.0
0,TMEM165,42,42.37549,3.8203435,0.0,0.0
0,PLCL1,43,42.133537,3.5594575,0.0,0.0
0,FAM107B,44,41.924095,5.8235216,0.0,0.0
0,NFASC,45,41.88923,2.8223972,0.0,0.0
0,CREB5,46,41.832348,4.185249,0.0,0.0
0,ARAP2,47,41.346645,3.013446,0.0,0.0
0,UGT8,48,41.224724,5.3788595,0.0,0.0
0,UNC5C,49,41.109825,2.9295282,0.0,0.0
0,GAB1,50,41.015003,3.161694,0.0,0.0
0,SLCO1A2,51,40.99122,7.164459,0.0,0.0
0,PXK,52,40.871655,3.6617498,0.0,0.0
0,KCNH8,53,40.86496,4.6820273,0.0,0.0
0,CNTN2,54,40.62591,5.5764647,0.0,0.0
0,QDPR,55,40.397842,4.398204,0.0,0.0
0,ERBIN,56,40.373436,2.9132833,0.0,0.0
0,CLDND1,57,40.30994,4.778731,0.0,0.0
0,CERCAM,58,39.888832,5.87457,0.0,0.0
0,SPOCK1,59,39.60289,2.824087,0.0,0.0
0,ABCA8,60,39.357708,6.591847,0.0,0.0
0,MOG,61,39.33257,7.200828,0.0,0.0
0,LPAR1,62,39.32469,4.812019,0.0,0.0
0,SLAIN1,63,39.271236,3.0910656,0.0,0.0
0,ELMO1,64,39.216187,3.2882993,0.0,0.0
0,AMER2,65,39.18402,4.129258,0.0,0.0
0,ATP8A1,66,39.11532,2.362995,0.0,0.0
0,PCDH9,67,38.971054,2.2390573,0.0,0.0
0,LAMP2,68,38.772816,3.8795743,0.0,0.0
0,NCKAP5,69,38.742813,3.1460407,0.0,0.0
0,COL4A5,70,38.66369,4.9313097,0.0,0.0
0,DNM3,71,38.636005,2.0212893,0.0,0.0
0,PDE8A,72,38.58878,3.0128918,0.0,0.0
0,AGAP1,73,38.29642,2.1972132,0.0,0.0
0,DAAM2,74,38.180622,4.4807553,0.0,0.0
0,HHIP,75,37.99266,6.151247,0.0,0.0
0,CLASP2,76,37.99078,1.7521957,0.0,0.0
0,SHROOM4,77,37.671425,5.15491,1.45906495183576e-310,2.3834977881620133e-308
0,SGK1,78,37.63287,3.0609574,6.23699707593544e-310,1.008249558556688e-307
0,SCD,79,37.58716,5.4169583,3.48494103000597e-309,5.575546375738415e-307
0,ANK3,80,37.55669,2.439299,1.0957056343555712e-308,1.7176015898549606e-306
0,PPP2R2B,81,37.47275,2.3283556,2.5598854450421e-307,3.972686222160835e-305
0,KLHL32,82,37.42087,3.020205,1.788696116159755e-306,2.7214485320277684e-304
0,FA2H,83,37.40715,5.032664,2.9899594393968445e-306,4.504968984465983e-304
0,GPRC5B,84,37.37858,3.3839653,8.709337693219739e-306,1.2872401110578774e-303
0,DNAJC6,85,37.36325,2.637849,1.5449441748207673e-305,2.2618857216078763e-303
0,MYRF,86,37.114193,6.851608,1.6584377186154848e-301,2.4053546687096925e-299
0,DLG1,87,37.050064,2.1230862,1.7915913113487883e-300,2.5744171815575783e-298
0,ARHGAP21,88,36.973324,1.9116937,3.0735249811289934e-299,4.375966438728518e-297
0,POLR2F,89,36.947487,4.124688,7.993220434542085e-299,1.1276980720332601e-296
0,SH3GL3,90,36.915176,2.9243796,2.63833615117674e-298,3.688679164874939e-296
0,CDK18,91,36.391182,4.672208,5.869472852046612e-290,7.920726016600988e-288
0,BCAS1,92,36.285473,3.993855,2.742193267231301e-288,3.576142631442232e-286
0,MAP4K4,93,36.274338,2.008745,4.108721677506514e-288,5.3136043094353e-286
0,MARCH1,94,36.27256,2.2187648,4.3824352507783356e-288,5.620744847671818e-286
0,ANLN,95,36.197956,6.410259,6.556000967419822e-287,8.3395556568351e-285
0,DIP2B,96,36.173813,2.204457,1.5716231310217445e-286,1.9829284040915814e-284
0,FUT8,97,36.084015,2.5142217,4.040301244951232e-285,5.0565673403546915e-283
0,KCNMB4,98,36.031006,3.5501513,2.735971944257478e-284,3.396763888234544e-282
0,CDK19,99,35.947083,2.6839478,5.621537889887929e-283,6.84499585774269e-281
0,SLCO3A1,100,35.911644,2.8179953,2.0103694773552343e-282,2.399917224544299e-280
1,IQCJ-SCHIP1,1,36.149708,5.0194836,3.760191720324388e-286,5.835441530771418e-282
1,ST6GALNAC5,2,34.70778,4.856358,6.01270113469707e-264,4.665555445468192e-260
1,DLGAP2,3,34.626698,4.6879263,1.0018995982159036e-262,5.1828266215708695e-259
1,KCNIP4,4,34.42901,5.0912046,9.284220690727795e-260,3.6020455224851163e-256
1,HS6ST3,5,34.033108,4.674984,7.216997753268961e-254,2.24001176265962e-250
1,CNTN5,6,33.921997,5.152402,3.157548268418962e-252,8.166998596265647e-249
1,SORBS2,7,33.562954,3.8990147,5.826730846395996e-247,1.2917862286459923e-243
1,KIAA1211L,8,33.548504,4.3531756,9.467121588559355e-247,1.8365032491606579e-243
1,CAMK2A,9,33.377907,3.8432243,2.8687684373345967e-244,4.946713042110623e-241
1,EPHA6,10,33.330803,4.2710257,1.382320830275256e-243,2.1452236965041696e-240
1,GABRB3,11,33.293945,3.7739494,4.724253775097212e-243,6.665063121430331e-240
1,CNKSR2,12,33.281837,3.777452,7.07178703491969e-243,9.145588582909891e-240
1,RGS6,13,33.21218,4.6720815,7.18132237313841e-242,8.572841685287307e-239
1,PHACTR1,14,32.853546,3.5806172,1.0136728464675647e-236,1.1236563503092954e-233
1,LINGO2,15,32.75386,4.6207356,2.6753698926782772e-235,2.7679376909649455e-232
1,RBFOX1,16,32.73915,4.7637134,4.332920545987082e-235,4.202662122073346e-232
1,CACNA1E,17,32.684925,3.8397098,2.557846425528654e-234,2.3350128633987753e-231
1,NELL2,18,32.560577,4.0074754,1.4832655107391327e-232,1.2788220811755888e-229
1,STXBP5L,19,32.54502,3.9591146,2.462599214623156e-232,2.011425116407198e-229
1,SYN3,20,32.527912,4.080002,4.299188078425258e-232,3.3359549894540794e-229
1,CACNA1C,21,32.47623,3.4670753,2.3096878119761594e-231,1.7068592930503815e-228
1,DLGAP1,22,32.457203,3.9312685,4.2866620292740646e-231,3.023850365104737e-228
1,KALRN,23,32.450375,3.4599466,5.351339591853028e-231,3.6107582228681365e-228
1,FAM155A,24,32.373425,3.73491,6.4955857884303125e-230,4.200208160443751e-227
1,CDH18,25,32.31025,4.0499864,5.0217487578478885e-229,2.9974045758862067e-226
1,ERC2,26,32.28974,3.491728,9.744888619645752e-229,5.601145425491942e-226
1,GRIN2A,27,32.23308,3.8626926,6.073458438580849e-228,3.3662143395834357e-225
1,CDH12,28,32.230736,4.6177516,6.550577385296432e-228,3.505462429048804e-225
1,FAM19A1,29,32.19436,4.3025875,2.116874128256305e-227,1.0950589865469866e-224
1,SNAP25,30,32.116173,3.3956773,2.621613852149286e-226,1.3124137216614443e-223
1,PTPRR,31,32.071953,3.9529884,1.085311272306441e-225,5.2634205109136434e-223
1,CDH9,32,31.91671,4.356776,1.5657560945592133e-223,7.363323888322554e-221
1,R3HDM1,33,31.848457,2.7575433,1.3826764580342646e-222,6.311104691833456e-220
1,ENC1,34,31.60178,3.9530756,3.4898647576518185e-219,1.5474060335428163e-216
1,ANO3,35,31.515217,4.3109818,5.37526682120444e-218,2.3171879388408802e-215
1,PTPRN2,36,31.488363,3.42451,1.2536352140134483e-217,5.237267987777679e-215
1,SLIT3,37,31.487642,4.0692077,1.2824033992883033e-217,5.237267987777679e-215
1,OLFM3,38,31.483028,4.1543703,1.4831416822422125e-217,5.901763017106897e-215
1,GRM1,39,31.38135,4.036797,3.635694328458337e-216,1.4105585070836231e-213
1,LRFN5,40,31.314333,3.584423,2.9778039308103855e-215,1.127135102493814e-212
1,KCNQ5,41,31.261639,4.3569956,1.551130883021431e-214,5.731428612764187e-212
1,FAM19A2,42,31.054201,3.769752,1.0011795830761175e-211,3.613326965060062e-209
1,SNED1,43,31.036612,3.8569665,1.7294698970769523e-211,6.09991893925846e-209
1,GALNT18,44,31.002817,3.293682,4.939183700678313e-211,1.7033598189072608e-208
1,GRM5,45,30.897116,3.6679308,1.3059499346186364e-209,4.4058776163797e-207
1,PLEKHA5,46,30.70533,2.8836098,4.831727047555014e-207,1.5953951500214098e-204
1,SH3GL2,47,30.68643,3.6058807,8.636229986240559e-207,2.792201107426401e-204
1,AGBL4,48,30.652636,3.5448022,2.437430161699195e-206,7.719689526410165e-204
1,ANKRD30BL,49,30.58464,3.3640234,1.959119822793065e-205,6.080716105985116e-203
1,MLIP,50,30.572865,4.2964897,2.809368108147145e-205,8.548741896144225e-203
1,CACNA1B,51,30.468176,3.5975041,6.882032653768878e-204,2.0538897068046e-201
1,SHANK2,52,30.388111,3.2141569,7.886988427260262e-203,2.3093994981632456e-200
1,CSMD1,53,30.386154,4.192863,8.370628137418089e-203,2.4056255197146543e-200
1,RGS7,54,30.372957,3.2894423,1.250428777000572e-202,3.5282553073221593e-200
1,CACNG3,55,30.314856,3.5544329,7.304187800227216e-202,2.0241730441379673e-199
1,CHN1,56,30.300219,3.0462952,1.1387547335869918e-201,3.1004095983397413e-199
1,CHRM3,57,30.294424,4.0428805,1.3575929479629107e-201,3.632497406799381e-199
1,RYR2,58,30.267052,3.6412232,3.112563264117207e-201,8.187096490819481e-199
1,RBFOX3,59,30.262068,3.4689252,3.6198410587846274e-201,9.36271889854644e-199
1,GABBR2,60,30.239975,3.4251628,7.067392977068143e-201,1.7980142887068933e-198
1,SLC4A10,61,30.228127,3.3279655,1.0116177054157912e-200,2.5321443823141394e-198
1,GRIN2B,62,30.224749,3.524716,1.1204780183476835e-200,2.760110851863127e-198
1,ATP8A2,63,30.160574,3.3769565,7.7949703237193e-200,1.8901585070906222e-197
1,CELF5,64,30.158838,3.172852,8.21417741669853e-200,1.9611664512268386e-197
1,RIMBP2,65,30.06362,3.250104,1.4491992769105108e-198,3.407594481571851e-196
1,SRRM3,66,30.038538,3.1421978,3.082104760950135e-198,7.138982654505245e-196
1,HCN1,67,30.031044,3.6057808,3.8610042735822804e-198,8.811606664959326e-196
1,ADAM23,68,30.018549,3.0296092,5.621012981325465e-198,1.264239137060723e-195
1,KCTD16,69,29.958527,3.4252748,3.4071981501292765e-197,7.553758298836606e-195
1,SYT7,70,29.945625,3.743969,5.0165518961341303e-197,1.0965051954381067e-194
1,ACTN1,71,29.931358,3.3439376,7.693348331355871e-197,1.6582371215876632e-194
1,ADGRL2,72,29.886415,3.6760137,2.954860535641359e-196,6.281709678440856e-194
1,TMEM108,73,29.884829,3.107003,3.098572986843909e-196,6.498210024706841e-194
1,SHISA9,74,29.849815,3.4664273,8.827286548771172e-196,1.826542132671731e-193
1,CADPS,75,29.840715,3.49422,1.1585118005405674e-195,2.365650609551193e-193
1,EPB41L4B,76,29.81986,3.445857,2.159729425509979e-195,4.3528364875960217e-193
1,TENM2,77,29.811,3.79073,2.8134838321311608e-195,5.597750716774805e-193
1,ABLIM2,78,29.798782,3.1033115,4.051156927738738e-195,7.958215741971831e-193
1,PTPRO,79,29.793245,3.3341482,4.778709179023868e-195,9.270098468658926e-193
1,KSR2,80,29.791048,3.1748703,5.102234625413156e-195,9.775503598986021e-193
1,MKL2,81,29.66938,2.9216616,1.9075171853340306e-193,3.610092585268149e-191
1,CNTNAP5,82,29.638317,3.7199554,4.796966248728019e-193,8.969170989639774e-191
1,HSPA12A,83,29.542747,2.8722053,8.138305693479293e-192,1.5035519768702993e-189
1,RALYL,84,29.539131,4.0744643,9.057290786116137e-192,1.6536481848204273e-189
1,SV2B,85,29.524641,3.6972818,1.3900669639243206e-191,2.5084243271094804e-189
1,CELF2,86,29.460339,2.9629316,9.281348605869862e-191,1.6367869206192546e-188
1,PGBD5,87,29.339796,2.86996,3.22479430244448e-189,5.623099188723133e-187
1,CALN1,88,29.210396,3.3076296,1.4309571424575155e-187,2.4674470993109095e-185
1,PCSK2,89,29.138117,3.3493702,1.1815928445688505e-186,2.0150702587762625e-184
1,EPHA4,90,29.07627,3.3849213,7.165196124418674e-186,1.2086595505962326e-183
1,PLPPR4,91,29.069605,3.070861,8.69871451548152e-186,1.4515629093092228e-183
1,ATRNL1,92,29.012573,3.557782,4.566809994845933e-185,7.53960896915043e-183
1,SYT1,93,28.947754,4.2901,2.995086299167266e-184,4.892709923871242e-182
1,CNGB1,94,28.910027,6.003909,8.932015982766714e-184,1.4439162087141317e-181
1,LNX1,95,28.865675,3.3454459,3.221413220875539e-183,5.153929048945102e-181
1,HECW1,96,28.86466,3.1847503,3.317319599753114e-183,5.253212537609038e-181
1,CIT,97,28.857388,2.9138815,4.0930331362776364e-183,6.416139519383094e-181
1,NETO1,98,28.852533,3.1080108,4.709212965364822e-183,7.308227600949668e-181
1,DCLK1,99,28.843582,3.5019262,6.098643864380701e-183,9.370777636764763e-181
1,SNAP91,100,28.825127,2.822501,1.0390558676142262e-182,1.5808929421083506e-180
2,DTNA,1,35.460552,4.3052325,1.9947132321013623e-275,3.0955954648981045e-271
2,SORBS1,2,34.97692,4.069699,5.047929715996967e-268,3.916941063127847e-264
2,ADGRV1,3,34.901417,6.9219213,7.075826806951134e-267,3.660325207235822e-263
2,GPM6A,4,34.793747,4.148693,3.023820255525327e-265,1.1731666636374388e-261
2,PITPNC1,5,34.6933,4.936388,9.941911559387025e-264,3.0857705098025447e-260
2,SLC1A2,6,34.486942,5.943786,1.259003400856425e-260,3.2564122963151433e-257
2,ADCY2,7,34.443256,4.6594653,5.681657963487372e-260,1.2596235705051503e-256
2,FMN2,8,34.04919,3.7929544,4.172398961898927e-254,8.09393243621368e-251
2,GLIS3,9,34.002254,6.200472,2.063348344241995e-253,3.5579003282546134e-250
2,RYR3,10,33.98415,5.573625,3.8198201949170414e-253,5.927978960491756e-250
2,RORA,11,33.902313,3.9665964,6.158416721980808e-252,8.688406282583651e-249
2,MSI2,12,33.79873,3.6717997,2.058789037562802e-250,2.6625289228280938e-247
2,NPAS3,13,33.69354,3.0086799,7.188233469624986e-249,8.581091939623858e-246
2,NEBL,14,32.966534,3.6935036,2.451953125037169e-238,2.717990039103702e-235
2,CTNND2,15,32.803333,2.4866197,5.277793526530748e-236,5.460405182548712e-233
2,MACF1,16,32.604156,2.275585,3.5811575437952953e-233,3.4734989951349493e-230
2,CTNNA2,17,32.577663,3.9065275,8.498416949952636e-233,7.758054861547938e-230
2,GPC5,18,32.498226,5.2575536,1.1295903301611277e-231,9.73895129653919e-229
2,PARD3,19,32.107563,4.1825786,3.457700431935523e-226,2.8242133159582836e-223
2,LSAMP,20,31.9981,2.802573,1.1588174995517795e-224,8.991844387772033e-222
2,RFX4,21,31.778479,6.059192,1.2839058115346902e-221,9.48806394724136e-219
2,TRPM3,22,31.221968,5.155376,5.36370366978494e-214,3.7836053296087493e-211
2,ZNRF3,23,31.113148,4.5778856,1.5993539919065498e-212,1.0791467217564238e-209
2,AQP4,24,30.958735,7.047789,1.938245499122861e-210,1.25331799587032e-207
2,TPD52L1,25,30.808514,6.0942698,2.015333697083822e-208,1.2029216786555322e-205
2,SOX5,26,30.790205,3.5503864,3.5441797076278815e-208,2.037115736395448e-205
2,ABLIM1,27,30.477371,3.6663733,5.198925210758955e-204,2.7821420808885592e-201
2,SFXN5,28,30.278666,3.9952643,2.1891098769872166e-201,1.132426539365487e-198
2,SLC4A4,29,29.961712,4.932846,3.096740508383703e-197,1.501822373425209e-194
2,HIF3A,30,29.852552,4.6819353,8.133987321593251e-196,3.825192401327444e-193
2,SPARCL1,31,29.693357,3.6784,9.35502131355803e-194,4.270016934267855e-191
2,NTRK2,32,29.660309,2.848869,2.497291761665845e-193,1.1072991671226357e-190
2,BMPR1B,33,29.562922,5.6229835,4.4803625617271436e-192,1.87920936744442e-189
2,TNIK,34,29.5544,2.9531193,5.7654713360310676e-192,2.354588149049109e-189
2,CLU,35,29.464174,3.5195148,8.288424291935827e-191,3.298155297091079e-188
2,NKAIN3,36,29.396774,4.4121246,6.038662609599602e-190,2.342850125959405e-187
2,ATP1A2,37,29.307625,4.887502,8.292472133847022e-189,3.0640684534564747e-186
2,RANBP3L,38,29.21687,7.524125,1.1840871478758665e-187,4.273453127415249e-185
2,CPE,39,29.156555,3.447648,6.899268267905699e-187,2.4334032784006486e-184
2,PARD3B,40,28.970888,3.8588517,1.5314531556668369e-184,5.2814714495096987e-182
2,PRKG1,41,28.832762,3.9455218,8.335299878871773e-183,2.7522450812810864e-180
2,NTM,42,28.75204,2.6282904,8.541025847978646e-182,2.761420419474596e-179
2,SLC1A3,43,28.750074,3.7913458,9.038100024403031e-182,2.862495393443074e-179
2,NRG3,44,28.37311,3.504257,4.342393368766252e-177,1.321364758625166e-174
2,RPS6KA2,45,28.079151,2.6012104,1.7607810744365367e-173,5.254915671957811e-171
2,PRDM16,46,28.077772,7.371188,1.8304048405627545e-173,5.359632588810073e-171
2,GJA1,47,27.873663,6.6485314,5.5664093966748355e-171,1.5997242116110513e-168
2,KCNN3,48,27.843071,4.1236067,1.3066924867296797e-170,3.6870110366468907e-168
2,PREX2,49,27.76301,3.8087385,1.2137393450752635e-169,3.363575160039824e-167
2,PRKCA,50,27.760101,2.4320974,1.3159964321823428e-169,3.5829734440417156e-167
2,ARHGEF4,51,27.203684,3.5232038,5.874666091712954e-163,1.5718783289188505e-160
2,GNA14,52,27.132051,6.4326,4.12393118546765e-162,1.0847336960554654e-159
2,GFAP,53,27.02072,6.136796,8.438468345120089e-161,2.165569842076243e-158
2,NFIA,54,26.910955,2.4035172,1.6348801702332686e-159,4.0922105422338864e-157
2,FYN,55,26.78171,2.4405663,5.278006363459088e-158,1.3001489008654222e-155
2,GABRB1,56,26.706223,2.8323214,3.9853116918903455e-157,9.66375814788223e-155
2,STON2,57,26.689047,5.5637193,6.307984962579451e-157,1.5060556712964693e-154
2,OPHN1,58,26.686892,3.2463422,6.681784075404105e-157,1.571130410093883e-154
2,SLC7A11,59,26.598349,5.9186764,7.093426307600126e-156,1.618865924524211e-153
2,MAPK10,60,26.449867,2.37213,3.661619119048594e-154,8.235459001234076e-152
2,CDH20,61,26.342371,2.6800382,6.276885158137593e-153,1.3915854395591045e-150
2,ITPKB,62,26.266127,3.55477,4.677222551391696e-152,1.008136344097885e-149
2,FAM189A2,63,26.238691,7.2651153,9.621644633476514e-152,2.045456206396192e-149
2,SLC25A18,64,26.171574,5.526757,5.600133331429108e-151,1.174438772573626e-148
2,CACHD1,65,26.134634,3.742588,1.4736296401137115e-150,3.049234451323292e-148
2,NHSL1,66,26.13331,4.0968804,1.5255362777740804e-150,3.115104933523152e-148
2,FAM107A,67,26.027496,4.837584,2.4193555892127873e-149,4.81358710115298e-147
2,LRIG1,68,25.789242,3.7758985,1.1707865285188928e-146,2.24314026371416e-144
2,ACSBG1,69,25.717741,5.737682,7.40262526871196e-146,1.3841125487366374e-143
2,AHCYL1,70,25.622507,3.4804003,8.56429255202769e-145,1.5822530489871155e-142
2,ARHGEF26,71,25.394533,5.1081667,2.8980723402545627e-142,5.291198193930653e-140
2,DCLK2,72,25.326982,2.8178663,1.6116726204564118e-141,2.9083194647515178e-139
2,MAPK4,73,25.314606,4.4058094,2.2059190013259405e-141,3.934903101330721e-139
2,ZHX3,74,25.256313,2.559665,9.654259725101258e-141,1.702550644020982e-138
2,MED12L,75,25.08406,2.9675016,7.423525551937116e-139,1.2944459892192371e-136
2,PAMR1,76,24.925869,6.19259,3.9016794727201264e-137,6.727795970793738e-135
2,DPP10,77,24.883787,3.6417973,1.1146151587794848e-136,1.8801861575107418e-134
2,ACACB,78,24.86801,3.726767,1.651406370154174e-136,2.755717791228239e-134
2,SLC14A1,79,24.841822,7.517561,3.169606773291877e-136,5.232885905820919e-134
2,MGAT4C,80,24.54603,3.4324262,4.768433389088884e-133,7.789612396344252e-131
2,TCF7L2,81,24.515175,3.1666975,1.0177679655665888e-132,1.6452855268362388e-130
2,ETNPPL,82,24.479519,7.877073,2.441313091244344e-132,3.905849264228966e-130
2,SASH1,83,24.47727,2.618046,2.5796891175320324e-132,4.085121981120369e-130
2,AHCYL2,84,24.450249,2.7484353,5.00178521058886e-132,7.840677240720053e-130
2,EYA2,85,24.249031,4.601302,6.769688301553015e-130,1.0401860668495173e-127
2,FUT9,86,24.239735,2.371488,8.484384663014481e-130,1.2908741724051151e-127
2,PDE4DIP,87,24.197012,2.0132103,2.391871518333463e-129,3.5691782781747126e-127
2,CAMK2G,88,24.18452,2.9544332,3.237274589581608e-129,4.784691843401617e-127
2,LGI1,89,24.163794,3.7084622,5.3477583857437755e-129,7.829420980033742e-127
2,DOCK7,90,24.090233,2.836795,3.1642617776185494e-128,4.589362479146006e-126
2,GLI3,91,24.008492,6.395777,2.2672437783328046e-127,3.1986687450860724e-125
2,YAP1,92,23.971777,6.0028715,5.478675950628988e-127,7.659781268271286e-125
2,PHF21B,93,23.921099,4.189866,1.8476960397543062e-126,2.5602138250845607e-124
2,PTPRZ1,94,23.832102,3.3124733,1.5527624645651957e-125,2.1138000603146732e-123
2,ACOT11,95,23.729555,3.765956,1.7867090740096393e-124,2.3903394930651373e-122
2,FGFR3,96,23.585194,5.547508,5.468971676379643e-123,7.254100123567152e-121
2,DST,97,23.561518,1.4141802,9.566008664998324e-123,1.2580922751873643e-120
2,SPON1,98,23.460539,4.412436,1.031912041502615e-121,1.334520247673257e-119
2,ZBTB20,99,23.431421,2.056194,2.04490368665231e-121,2.622715728360099e-119
2,CADM1,100,23.383068,1.8217208,6.354950393417807e-121,8.083809438971388e-119
3,DOCK8,1,35.606884,8.9548645,1.0961797010724814e-277,5.670537593647947e-274
3,PLXDC2,2,35.499107,4.34759,5.073810426547351e-276,1.5748092801917667e-272
3,APBB1IP,3,34.126995,9.3513565,2.9344032919985324e-255,5.692375586065653e-252
3,ARHGAP24,4,33.987965,6.2454267,3.355045913209784e-253,5.785217503011404e-250
3,SFMBT2,5,33.763336,4.641228,6.812522011728795e-250,9.611229918183561e-247
3,TBXAS1,6,33.528915,7.7783856,1.8271218130164395e-246,2.1811618012463172e-243
3,DOCK4,7,33.358932,2.6620576,5.405984129416638e-244,5.992533407458344e-241
3,SRGAP2,8,33.296673,4.81265,4.3137578125971427e-243,4.4630138329130037e-240
3,FOXN3,9,33.231155,3.6743221,3.821366548693853e-242,3.706486716823744e-239
3,MEF2A,10,32.936195,3.8973725,6.669060794914156e-238,5.749841915348488e-235
3,FYB1,11,32.90659,8.358611,1.769068099358267e-237,1.4449562017863655e-234
3,ST6GAL1,12,32.61233,5.62964,2.7423124243524594e-233,2.1278973256762907e-230
3,INPP5D,13,32.530598,8.040482,3.938831726042918e-232,2.910796645545716e-229
3,SORL1,14,32.420322,4.2783685,1.419679441757986e-230,1.0014547843928265e-227
3,ITPR2,15,32.417896,3.917745,1.535884844984039e-230,1.0363216047524914e-227
3,ARHGAP15,16,32.088882,7.3662114,6.301660458141677e-226,3.761364178842334e-223
3,EPB41L2,17,31.793373,3.455728,7.992948454753141e-222,4.430091681046928e-219
3,RUNX1,18,31.746077,6.449312,3.5969214044127428e-221,1.924849078451081e-218
3,CHST11,19,31.622955,4.2169323,1.7856734239809588e-219,8.659958083362656e-217
3,MAML3,20,31.152239,4.663959,4.730098391455755e-213,2.1590116746177017e-210
3,LDLRAD4,21,31.038229,3.2879784,1.6447454392114492e-211,7.292801277463566e-209
3,FAM49B,22,30.847467,3.181851,6.057216407971065e-209,2.540593011764945e-206
3,SLCO2B1,23,30.734652,7.920351,1.9610205428431308e-207,7.803353283175011e-205
3,HS3ST4,24,30.707092,5.441697,4.576928450660507e-207,1.77573381564501e-204
3,DOCK2,25,30.689003,6.6660824,7.979853009265716e-207,3.0204716792876744e-204
3,SSH2,26,30.648542,2.624922,2.763469159123084e-206,1.0211018542959796e-203
3,ADAM28,27,30.616968,9.009514,7.277331761358011e-206,2.566747991011704e-203
3,FRMD4A,28,30.09774,3.3190536,5.1866830096719e-199,1.6098426725419644e-196
3,MEF2C,29,29.928328,3.4923902,8.424746913246959e-197,2.563600928366266e-194
3,CSF1R,30,29.865479,8.38874,5.527042053865196e-196,1.649503185267961e-193
3,ANKRD44,31,29.825361,3.2434897,1.8326378365058105e-195,5.366171053723335e-193
3,CYFIP1,32,29.810434,4.5899596,2.861417358052301e-195,8.223395551780308e-193
3,ATP8B4,33,29.689568,5.753662,1.047046896696656e-193,2.9543855981518916e-191
3,ETV6,34,29.447893,4.174717,1.3396659854715742e-190,3.523775665853112e-188
3,PTPRC,35,29.430107,8.748003,2.262860681243244e-190,5.852889152035651e-188
3,ARHGAP26,36,29.339092,3.1656582,3.292198551289323e-189,8.24058537378371e-187
3,AOAH,37,29.04775,5.5895386,1.642801460804192e-185,3.642090838602894e-183
3,AKAP13,38,28.993124,3.7790523,8.033310106691573e-185,1.7559005569823456e-182
3,BMP2K,39,28.892601,4.1525164,1.4789259141626348e-183,3.1877015641513785e-181
3,ABR,40,28.87737,3.2801518,2.2972959417269515e-183,4.883799413652131e-181
3,PALD1,41,28.818085,6.5758657,1.2731558910970123e-182,2.6700143613425044e-180
3,SYK,42,28.772947,8.344139,4.6778069386241535e-182,9.679318117401099e-180
3,LHFPL2,43,28.458952,4.614109,3.776113344530904e-178,7.51301320433014e-176
3,RHBDF2,44,28.371271,8.000765,4.575168803142153e-177,8.987600589362414e-175
3,SLC1A3,45,28.335434,3.7892206,1.2654560409403646e-176,2.4245200369572247e-174
3,FGD4,46,28.050457,3.8779314,3.9435509063398315e-173,7.1999960606456285e-171
3,ZFHX3,47,27.89917,3.746188,2.7305907100063263e-171,4.8154587759759294e-169
3,MGAT4A,48,27.698769,3.942573,7.224728169166235e-169,1.2187017006227261e-166
3,RBM47,49,27.694317,6.954357,8.173970999694693e-169,1.3639984510135692e-166
3,FLI1,50,27.627018,7.2744274,5.271659768232301e-168,8.703285951403945e-166
3,ARHGAP22,51,27.497059,3.8613677,1.9036882819453815e-166,3.1098250997379346e-164
3,CD74,52,27.371628,7.402104,5.970866374089228e-165,9.552770645308323e-163
3,TBC1D22A,53,27.288532,2.922014,5.803034543286035e-164,9.005729307725598e-162
3,SH3RF3,54,27.066858,3.628906,2.4189529526034737e-161,3.575212463947934e-159
3,DENND3,55,26.88839,5.1360598,3.002354635634807e-159,4.197616359496988e-157
3,ABCC4,56,26.763508,5.1575527,8.598009951990771e-158,1.1808187296012811e-155
3,RCSD1,57,26.661905,6.5948296,1.3024370922940018e-156,1.7275659175479156e-154
3,MED13L,58,26.416613,1.9875337,8.830359105892554e-154,1.1325482889615418e-151
3,RIN3,59,26.390984,5.6116548,1.7389029352807873e-153,2.1939865571237837e-151
3,IKZF1,60,26.368254,9.095434,3.1699635700654893e-153,3.904338463797328e-151
3,LPCAT2,61,26.321829,5.524055,1.0789443761025759e-152,1.2979951761810758e-150
3,DIAPH2,62,26.266367,3.1256301,4.647749261654938e-152,5.548340060894076e-150
3,SLC9A9,63,26.080853,2.7919922,6.012562260278579e-150,7.122820894447577e-148
3,SMAP2,64,26.01204,3.9410377,3.61930337039279e-149,4.2231555642951657e-147
3,SP100,65,25.85238,6.8381042,2.2877139040145944e-147,2.6298542278816658e-145
3,PICALM,66,25.738445,2.2920282,4.3420142168978065e-146,4.9546851935321365e-144
3,DISC1,67,25.721703,3.7594829,6.684698135403269e-146,7.572250391483456e-144
3,LYN,68,25.687834,5.892631,1.5985670950404764e-145,1.7976929527487792e-143
3,C3,69,25.620024,7.042328,9.128115700343106e-145,1.0191311334793142e-142
3,LY86,70,25.49088,7.536803,2.488189359072963e-143,2.7193106101023464e-141
3,MBNL1,71,25.483473,2.1129768,3.0059906510833577e-143,3.2622355884029806e-141
3,MYO1F,72,25.348307,6.8790026,9.381308689138854e-142,1.0040588244603162e-139
3,MAML2,73,24.853022,2.864026,2.3985330156397748e-136,2.432864958804815e-134
3,SKAP2,74,24.827677,4.0782323,4.506066058988256e-136,4.540885660353166e-134
3,BLNK,75,24.710144,8.272708,8.320511751368013e-135,8.330711088353561e-133
3,FOXP2,76,24.60983,5.0768337,9.914043703936371e-134,9.799748040852773e-132
3,HCLS1,77,24.394331,7.2412257,1.9642796522083014e-131,1.8933947778025235e-129
3,PTPRE,78,24.39149,2.8387384,2.1054890681587704e-131,2.0169805462195038e-129
3,PAG1,79,24.340101,3.42667,7.37999285785888e-131,6.983543241531216e-129
3,NFATC2,80,24.316956,6.054261,1.2972663576939651e-130,1.2201379760637968e-128
3,TLR2,81,24.110758,7.777143,1.9278969813377348e-128,1.7808948365107323e-126
3,CMIP,82,24.064274,2.355481,5.918038601475845e-128,5.4344402991895645e-126
3,CPED1,83,23.970343,6.7125063,5.670607642991005e-127,5.146325146875871e-125
3,SAT1,84,23.747665,3.4124608,1.1614887170839106e-124,1.0419158034927865e-122
3,KCNQ3,85,23.650362,2.8958063,1.1702218602053788e-123,1.0260267259054956e-121
3,PREX1,86,23.624166,2.6866112,2.176035877735486e-123,1.8971854374481466e-121
3,PIK3R5,87,23.478184,8.280703,6.815261132112387e-122,5.908717179287829e-120
3,GNAQ,88,23.296515,1.549013,4.8089873550272264e-120,4.05601493275367e-118
3,BNC2,89,23.080145,6.1110296,7.329214202797959e-118,6.050110383681996e-116
3,CSGALNACT1,90,23.079084,2.9804676,7.511200602480541e-118,6.167530272481244e-116
3,FKBP5,91,23.076735,3.0635493,7.930381459938109e-118,6.47745209877787e-116
3,FGD2,92,23.075144,8.153364,8.227529779767423e-118,6.684975636241395e-116
3,TGFBR2,93,23.07234,5.529579,8.778370359811343e-118,7.095392167391262e-116
3,ATM,94,23.015858,2.4482145,3.2341521490213094e-117,2.6005599585835074e-115
3,CTSB,95,22.970928,4.0354934,9.10473220749532e-117,7.245966109134352e-115
3,TGFBR1,96,22.930695,4.904694,2.2963282953824756e-116,1.8181999395939102e-114
3,ELMO1,97,22.908989,2.5469022,3.780202379353242e-116,2.947987976139847e-114
3,RAPGEF1,98,22.43827,2.974011,1.6659736208473174e-111,1.2138143014990385e-109
3,MTHFD1L,99,22.348848,3.262861,1.2390035385838331e-110,8.901896257075235e-109
3,ZFP36L2,100,22.312443,4.1834836,2.797972595472393e-110,2.0010016916652566e-108
4,TNR,1,33.346996,5.942976,8.052673075801537e-244,1.2496943346336407e-239
4,DSCAM,2,33.256298,5.4007654,1.6553718796815823e-242,1.2844858100389238e-238
4,LHFPL3,3,33.01267,6.7851834,5.344654243849784e-239,2.7647896403434933e-235
4,PCDH15,4,32.924206,6.071195,9.900891277587055e-238,3.841298293421838e-234
4,PTPRZ1,5,32.799076,5.739268,6.069282675332131e-236,1.8837839567695865e-232
4,VCAN,6,32.594906,6.94252,4.842807274619505e-233,1.1251592764010123e-229
4,LRRC4C,7,32.593468,4.1524997,5.075143330631539e-233,1.1251592764010123e-229
4,MEGF11,8,32.224712,6.507784,7.955826152060074e-228,1.5433308256727537e-224
4,SMOC1,9,31.808956,6.387499,4.867325237332008e-222,8.392891150906158e-219
4,SLC35F1,10,31.662048,4.535716,5.1767718425516856e-220,8.03383222245596e-217
4,MMP16,11,31.163555,4.67968,3.323407339599077e-213,4.688723500294371e-210
4,DPP6,12,31.018042,3.7148943,3.07905593151136e-211,3.981989083427067e-208
4,XYLT1,13,30.908352,4.3958917,9.224974838994403e-210,1.1012491117411856e-206
4,LUZP2,14,30.843061,4.8533998,6.940073492576482e-209,7.69307146652103e-206
4,SOX6,15,30.815962,5.20764,1.6017440094975165e-208,1.6571643522261307e-205
4,KCND2,16,30.576918,4.4209447,2.4816406032041892e-205,2.4070362825703635e-202
4,NOVA1,17,30.496208,3.330569,2.9257784001336492e-204,2.6708914700984765e-201
4,CA10,18,30.455547,4.7760444,1.0115523689693649e-203,8.721267341130873e-201
4,PDZD2,19,30.340176,4.0524673,3.3863006409121146e-202,2.765894718227111e-199
4,DGKG,20,30.14382,3.9943612,1.2925894369235317e-199,1.0029847735808143e-196
4,SEMA5A,21,30.10696,4.5136323,3.928500480488023e-199,2.903161855080649e-196
4,OPCML,22,30.067947,4.466234,1.2722426703973792e-198,8.974515455407695e-196
4,EPN2,23,29.57594,3.3938212,3.047686749126295e-192,2.056393506943086e-189
4,NXPH1,24,29.2113,5.607799,1.3936180062349588e-187,9.011482432816803e-185
4,BRINP3,25,29.157415,4.347641,6.728198108839867e-187,4.176596258043436e-184
4,COL11A1,26,28.65474,4.885228,1.3992499143147918e-180,8.351907469327406e-178
4,NRCAM,27,28.359995,3.24373,6.30213979677814e-177,3.6223299076370353e-174
4,TMEM132C,28,28.094252,4.0754294,1.151551091071976e-173,6.382471922266427e-171
4,GRIK1,29,27.991892,4.700022,2.039402218007318e-172,1.0913614834915712e-169
4,SEZ6L,30,27.912577,3.902432,1.8775030755783705e-171,9.712323409966912e-169
4,CHL1,31,27.810934,3.237871,3.1992568620764547e-170,1.6015892658891774e-167
4,NLGN1,32,27.525356,2.6992004,8.730796114125592e-167,4.234163277972346e-164
4,KAT2B,33,27.283503,3.136987,6.657644115126856e-164,3.1309084552319296e-161
4,MDGA2,34,27.197704,3.2571616,6.9141139562865e-163,3.155886308459123e-160
4,NLGN4X,35,27.03527,3.330273,5.691499825903339e-161,2.5236110228055405e-158
4,PDZRN4,36,26.906698,4.3032956,1.8336416322207953e-159,7.904523469565145e-157
4,BCAN,37,26.856743,4.3472524,7.035942326950216e-159,2.9511024046470377e-156
4,OPHN1,38,26.845737,3.3996334,9.458698261534893e-159,3.8628825873884214e-156
4,MYT1,39,26.770098,6.088564,7.206002841746741e-158,2.867434823104299e-155
4,SNTG1,40,26.512888,3.85044,6.884275244475236e-155,2.6709266879752798e-152
4,DCC,41,26.496624,3.7536333,1.060086509279794e-154,4.0125567164666155e-152
4,GRM7,42,26.333345,3.5843825,7.963793148683534e-153,2.9426215684385655e-150
4,ABHD2,43,26.20342,2.9465113,2.4292643540233948e-151,8.767384537230014e-149
4,LRRN1,44,26.126238,3.8492956,1.835647550834308e-150,6.474412350317643e-148
4,GALNT13,45,26.067476,3.1122172,8.526452996024998e-150,2.9404894232291544e-147
4,CSMD3,46,26.018978,3.1584308,3.0206612550140156e-149,1.019079174273098e-146
4,ZNF462,47,25.932545,3.2496972,2.8616207822754377e-148,9.44882828087926e-146
4,PID1,48,25.867657,3.2670102,1.540215509933804e-147,4.97970927055473e-145
4,SLC24A3,49,25.811216,3.7448277,6.635716691302595e-147,2.1016262720882646e-144
4,STK32A,50,25.754608,5.7165356,2.862237950202654e-146,8.883814149838998e-144
4,ADAMTS17,51,25.734098,4.094051,4.856974664684534e-146,1.4779488200242996e-143
4,SULF2,52,25.624197,4.9024153,8.201012482293784e-145,2.4475290906291776e-142
4,SCN1A,53,25.5746,3.3769298,2.924805305532081e-144,8.564161044632521e-142
4,COL9A1,54,25.298445,6.6326528,3.322654983406516e-141,9.548941238423282e-139
4,ZEB1,55,25.288221,2.8760443,4.3048801582199614e-141,1.2146806395530105e-138
4,GRID2,56,25.134575,3.0695136,2.0839773227580734e-139,5.775222155693311e-137
4,CCDC50,57,24.986485,3.7854335,8.574649365447411e-138,2.3345611140768136e-135
4,ZFPM2,58,24.982027,3.2633662,9.586342498178306e-138,2.5650077453315366e-135
4,CHST11,59,24.895235,3.4851146,8.37889003445518e-137,2.2039321092323717e-134
4,KIF13A,60,24.76455,2.5859716,2.1612741989707367e-135,5.590135715637811e-133
4,GPC6,61,24.654354,3.6373756,3.305060312886136e-134,8.272779192851605e-132
4,KCNIP1,62,24.647636,3.524381,3.901287635124515e-134,9.610171874523389e-132
4,ADGRL3,63,24.58524,2.2457998,1.817057926064607e-133,4.406081555405725e-131
4,NTNG1,64,24.491962,3.463342,1.7991574100292827e-132,4.295557514806837e-130
4,NAV1,65,24.476881,2.4130847,2.6043807787068423e-132,6.123846258295679e-130
4,MPPED2,66,24.439516,3.5304818,6.505313945716226e-132,1.5068054794562702e-129
4,LRRTM4,67,24.425764,3.5519426,9.10796074184413e-132,2.0786241581276333e-129
4,NRXN1,68,24.33008,3.2685907,9.422359603542763e-131,2.1192115751794223e-128
4,PLPP4,69,24.168386,4.438692,4.7850801917269826e-129,1.0608522785058721e-126
4,FGF14,70,24.09395,3.5614774,2.8927852648842657e-128,6.322976693766046e-126
4,SORCS3,71,24.009565,3.2089763,2.2094261576126693e-127,4.762233963887641e-125
4,KIF26B,72,23.987492,3.4088418,3.756063843207213e-127,7.984980107223663e-125
4,CSMD2,73,23.824108,2.5739057,1.8791499347298224e-125,3.8883370449429486e-123
4,ATRNL1,74,23.78556,3.3040636,4.7118441071475656e-125,9.621461670897774e-123
4,ZDHHC14,75,23.57615,2.5145533,6.771442587671652e-123,1.347256634847133e-120
4,ADARB2,76,23.481077,2.993949,6.366731692412437e-122,1.2507001156271974e-119
4,SOX5,77,23.388245,2.9916816,5.629252791615495e-121,1.0920046759135107e-118
4,SGCZ,78,23.369297,3.657356,8.77354515583399e-121,1.680946262634416e-118
4,OLIG1,79,23.272852,3.4198003,8.35194956694535e-120,1.5806573820661572e-117
4,SCD5,80,23.201246,2.3340628,4.423284979265836e-119,8.270477059424881e-117
4,POU6F2,81,23.18329,3.8008149,6.713044867466846e-119,1.2402350392644997e-116
4,SHC3,82,23.094408,3.0067284,5.269656060682564e-118,9.621152047733261e-116
4,NCALD,83,23.025928,3.1448848,2.563788410513846e-117,4.626445621251671e-115
4,TMEM132D,84,23.006369,3.1081092,4.024970069983483e-117,7.179713852422262e-115
4,TNK2,85,23.00263,2.935316,4.387178373821074e-117,7.73688877083287e-115
4,HIF3A,86,23.000053,3.481588,4.6556025651001495e-117,8.1180108098639575e-115
4,FERMT1,87,22.86115,6.6439967,1.1320680978183808e-115,1.9306115175871922e-113
4,HIP1R,88,22.649376,2.8104002,1.4150224815158545e-113,2.38692759680919e-111
4,PTPRG,89,22.515923,2.6180806,2.898399761096e-112,4.8365877303708413e-110
4,RAB31,90,22.437643,3.1071165,1.6896690329639112e-111,2.789571672613504e-109
4,LRP1B,91,22.427187,2.2567515,2.137299587571793e-111,3.4914476104764906e-109
4,PRRX1,92,22.40503,4.3640246,3.51561640536538e-111,5.683213645298472e-109
4,TOX,93,22.39113,3.285665,4.802498880348403e-111,7.683503105580089e-109
4,ARHGAP42,94,22.355476,3.610776,1.0680743091594974e-110,1.691371959576147e-108
4,UST,95,22.256813,3.264439,9.689743838573397e-110,1.5189407538466722e-107
4,CACNG4,96,22.089859,4.2874274,3.956268206941257e-108,6.078943198368453e-106
4,PDGFRA,97,22.055155,7.1198645,8.523956811947545e-108,1.2968949584766075e-105
4,C1orf61,98,22.012466,3.001204,2.1876351064566025e-107,3.2961076909805837e-105
4,ITGA8,99,21.972334,4.784555,5.297620820684173e-107,7.905170915019008e-105
4,KLF12,100,21.96515,2.929891,6.205002919986359e-107,9.170994315739838e-105
5,RALYL,1,26.747156,4.5773125,1.3324989203689659e-157,1.2678531090661414e-153
5,RYR2,2,26.739542,4.0800514,1.6339366055366212e-157,1.2678531090661414e-153
5,SH3GL2,3,25.539337,3.7896647,7.212768094552804e-144,3.7311649353121657e-140
5,MCTP1,4,25.417852,3.793108,1.6010783596211093e-142,6.211783765739999e-139
5,FRMPD4,5,24.920113,3.8248081,4.504415644918084e-137,1.398080527869675e-133
5,ZNF385B,6,24.742563,4.0837703,3.727791059381761e-135,9.641931575090926e-132
5,NELL2,7,24.625626,3.7072294,6.71591327079367e-134,1.4889179721349567e-130
5,CLSTN2,8,24.584408,4.471787,1.8546522066567622e-133,3.597793449388287e-130
5,PCLO,9,24.554972,3.3681173,3.8272570782462084e-133,6.599466955255878e-130
5,STXBP5L,10,24.5287,3.7908316,7.300751586265623e-133,1.1330036386725621e-129
5,KHDRBS2,11,24.490292,3.6585379,1.8744699334816452e-132,2.644536263427423e-129
5,KALRN,12,24.410595,3.2756474,1.3199588732036525e-131,1.593243327590095e-128
5,SYT1,13,24.410143,4.3067517,1.334632596086812e-131,1.593243327590095e-128
5,PHACTR1,14,24.231403,3.4535072,1.0386256617013271e-129,1.1513165459959211e-126
5,SV2B,15,24.205606,3.8263843,1.9419657508834563e-129,2.009157765864024e-126
5,SLIT3,16,24.019657,3.9158,1.7331926226577407e-127,1.6810885194390925e-124
5,NEGR1,17,24.011185,3.217034,2.1249949305820806e-127,1.9398703722178417e-124
5,SLC35F3,18,24.00219,3.7033696,2.638181618321635e-127,2.180886478259474e-124
5,ARPP21,19,24.00169,3.1912892,2.6700717241400868e-127,2.180886478259474e-124
5,NRGN,20,23.892841,3.7711391,3.63516973187155e-126,2.8207099534457293e-123
5,AFF3,21,23.79651,3.2036026,3.629395323305496e-125,2.682123143922761e-122
5,GPR158,22,23.365166,3.163988,9.66432884386238e-121,6.817305423995468e-118
5,DCLK1,23,22.973085,3.4224377,8.663515580382378e-117,5.8456129692153966e-114
5,ANKS1B,24,22.9649,2.1540546,1.0459432030374658e-116,6.763330236641013e-114
5,NRG1,25,22.927252,3.9632816,2.4853246075372574e-116,1.542790103374828e-113
5,HECW1,26,22.924158,3.1121519,2.668352067060004e-116,1.5926982972578537e-113
5,AGBL4,27,22.904003,3.2907608,4.238443527202449e-116,2.4361631518020302e-113
5,LDB2,28,22.851625,3.533237,1.4080003960579045e-115,7.803842195150936e-113
5,CABP1,29,22.801867,3.082599,4.393793686950074e-115,2.3512856630268344e-112
5,CACNA1E,30,22.77431,3.2156954,8.243037233147481e-115,4.264123160707192e-112
5,PTPRR,31,22.766932,3.3130555,9.753951499698771e-115,4.882953978187911e-112
5,RBFOX1,32,22.726524,4.3077254,2.449767878962692e-114,1.1880608660506882e-111
5,CHN1,33,22.716982,2.8484669,3.0441956526228133e-114,1.4316021919107102e-111
5,SNAP25,34,22.580078,2.995866,6.802962644095817e-113,3.0164336363920854e-110
5,CADPS,35,22.567131,3.2418108,9.117159627560762e-113,3.930255562780985e-110
5,CELF4,36,22.559565,3.123545,1.081830637929521e-112,4.5375485594670905e-110
5,CELF2,37,22.549189,2.8691885,1.3676941300842214e-112,5.585590843362377e-110
5,SYT7,38,22.523273,3.0744324,2.4554204661680755e-112,9.770684670374965e-110
5,PDE4D,39,22.517515,2.61774,2.796154752000982e-112,1.084838139907581e-109
5,EFNA5,40,22.472633,3.2527966,7.689376052230592e-112,2.9105226086479647e-109
5,RBFOX3,41,22.441174,3.1151655,1.5607050332195897e-111,5.766805097746384e-109
5,RIMS2,42,22.352316,3.2685246,1.1464144536500209e-110,4.137489745626668e-108
5,GABRB3,43,22.334278,3.1598763,1.716823050684239e-110,6.055312937174705e-108
5,ASIC2,44,22.288301,3.4154675,4.798531796693246e-110,1.654853665619611e-107
5,SORBS2,45,22.250963,3.1748068,1.1039439102773793e-109,3.724370770346663e-107
5,CDH18,46,22.219315,3.4092565,2.234574835672952e-109,7.378375930810328e-107
5,FRAS1,47,22.125101,3.3393333,1.8123027394441193e-108,5.859401294465269e-106
5,GRIA3,48,22.113512,2.8895466,2.343075641071559e-108,7.420855280365209e-106
5,SLC4A10,49,22.027653,2.97923,1.564755076172296e-107,4.856686805423573e-105
5,PTPRD,50,21.999573,2.4389505,2.9070929172537904e-107,8.846112741737563e-105
5,KSR2,51,21.905407,2.992835,2.307110095167207e-106,6.885392609019208e-104
5,C8orf34,52,21.874208,3.4887853,4.573743643994709e-106,1.3392439171915827e-103
5,OPCML,53,21.8571,3.7521982,6.654108763578887e-106,1.9123169241107546e-103
5,FAM155A,54,21.84777,3.2716062,8.162160637968692e-106,2.3030649261933844e-103
5,BCL11A,55,21.799986,3.1622055,2.3208819425565303e-105,6.431744083309785e-103
5,DLGAP2,56,21.742325,3.7276783,8.16547972531849e-105,2.2231592957406607e-102
5,KIAA1211L,57,21.721909,3.07179,1.2737810100096508e-104,3.408242671437891e-102
5,RIMS1,58,21.682285,2.791973,3.015273144263061e-104,7.931190495901431e-102
5,PTPRN2,59,21.673529,2.9831164,3.647102485870097e-104,9.433230579703007e-102
5,OLFM3,60,21.556923,3.0827253,4.559330497519652e-103,1.1599385244427456e-100
5,FOCAD,61,21.544714,2.5624032,5.934779653444371e-103,1.485513636158116e-100
5,RAP1GAP,62,21.513992,2.6556778,1.1515289426048187e-102,2.836599628616537e-100
5,MKL2,63,21.505283,2.6370797,1.3893510478142617e-102,3.368959204848364e-100
5,ROBO2,64,21.445244,4.0697846,5.058120195205762e-102,1.2076456509138189e-99
5,CACNA1B,65,21.402409,3.1589603,1.2688156143668002e-101,2.9834468968724806e-99
5,HCN1,66,21.384798,3.0553267,1.8508426837707315e-101,4.287048896931042e-99
5,CACNA2D3,67,21.356836,2.9437952,3.368625644281278e-101,7.687897260823699e-99
5,VSNL1,68,21.317667,2.8872592,7.784323545783703e-101,1.7507959001016997e-98
5,SLIT1,69,21.305483,2.8879318,1.0098060440223039e-100,2.2387399995974477e-98
5,CAMK2A,70,21.293823,2.7837665,1.2952052771975334e-100,2.8310268587082427e-98
5,KCNH7,71,21.268526,3.2360435,2.221509866608785e-100,4.788279391653018e-98
5,NGEF,72,21.248299,3.2428994,3.418285008066976e-100,7.266899320574164e-98
5,DGKI,73,21.234234,2.6299813,4.611423806842396e-100,9.670903521403669e-98
5,ANKRD33B,74,21.200039,3.0819044,9.541879133002612e-100,1.9744056302009003e-97
5,STMN2,75,21.155561,2.8391483,2.452517292103758e-99,4.957923798580505e-97
5,CNKSR2,76,21.155418,2.8764653,2.4599531702474314e-99,4.957923798580505e-97
5,PRKAG2,77,21.115416,2.5500383,5.740255291091301e-99,1.1420900238775114e-96
5,HS3ST4,78,21.11037,3.6643398,6.386942222591145e-99,1.254670333574582e-96
5,GRIA1,79,21.095308,3.0892005,8.783278122268115e-99,1.703846164743486e-96
5,CCSER1,80,21.093355,3.1380315,9.153207882590743e-99,1.7536868287645153e-96
5,ATP2B1,81,21.011684,2.396734,5.128291013583986e-98,9.705603443879254e-96
5,SVOP,82,20.955952,2.775245,1.6558534072799816e-97,3.096046870792535e-95
5,ADAM23,83,20.951359,2.6015766,1.8235248515524176e-97,3.368962163243091e-95
5,GABRG3,84,20.9194,3.0299897,3.565749460239129e-97,6.510219514523652e-95
5,GRM5,85,20.896769,3.1978953,5.729467997978688e-97,1.0339024867515262e-94
5,KIAA1549L,86,20.895578,2.7095234,5.874040564249011e-97,1.0478073047882804e-94
5,DNAH6,87,20.882824,2.86403,7.672150968693811e-97,1.3530012600359007e-94
5,CHSY3,88,20.85053,2.8156266,1.507408437284484e-96,2.6284799481143716e-94
5,NBEA,89,20.795488,2.087517,4.754900367467685e-96,8.199033200303445e-94
5,ARHGAP44,90,20.792442,2.5941868,5.066551792637719e-96,8.64041948021371e-94
5,SCN8A,91,20.768478,2.519206,8.346011886410524e-96,1.407845200708749e-93
5,CSMD1,92,20.730665,3.743862,1.832401148216478e-95,3.0577455289431746e-93
5,ANO3,93,20.728262,3.0706172,1.9262323577283926e-95,3.180127655275205e-93
5,LRRC7,94,20.71365,2.4744663,2.60916411283352e-95,4.262275564954042e-93
5,PRKCB,95,20.685688,2.5695264,4.660716619893016e-95,7.534339710845804e-93
5,GRM8,96,20.653301,3.2753437,9.117250773054076e-95,1.4586661314126412e-92
5,ADD2,97,20.609324,2.5897522,2.2637152525813236e-94,3.5847547964091385e-92
5,GDA,98,20.604017,2.9253542,2.5259520352621184e-94,3.959621175276042e-92
5,MDGA2,99,20.59614,2.8565094,2.972079479011749e-94,4.612370143478333e-92
5,ITPR1,100,20.592,2.5743546,3.2372869495295156e-94,4.974203581163223e-92
6,ADARB2,1,24.340864,5.1675577,7.244050458044124e-131,1.1242041905838677e-126
6,RGS12,2,23.01963,4.06777,2.9645819992829172e-117,2.3003674023435796e-113
6,ERBB4,3,22.450468,3.8781755,1.2662893085612517e-111,6.5505145931873555e-108
6,SYNPR,4,21.375624,5.119392,2.2529034768877803e-101,8.740702264455367e-98
6,GRIK2,5,21.356945,3.778849,3.3608173203835557e-101,1.043130479900648e-97
6,NRXN3,6,21.041502,3.2648602,2.735722755298973e-98,7.075946906580793e-95
6,CNTNAP2,7,20.815321,3.8356874,3.144359193329501e-96,6.971044331611503e-93
6,GALNTL6,8,20.643278,4.5837426,1.1218849011329157e-94,2.176316472585215e-91
6,ASIC2,9,20.580223,3.8774033,4.1277096678899773e-94,7.11754737066495e-91
6,KCNC2,10,20.493877,3.9363506,2.4415263580039384e-93,3.7890047549863117e-90
6,GRIP1,11,20.436653,4.1789384,7.897328743909595e-93,1.1141694979703e-89
6,KCNJ3,12,20.361202,3.48679,3.694076962924939e-92,4.777365032302678e-89
6,MYT1L,13,19.900263,3.3552973,4.0479610715938475e-88,4.8323313746203785e-85
6,BTBD11,14,19.895933,4.8989234,4.4131545181314634e-88,4.8919817833487273e-85
6,NHS,15,19.795776,3.8929355,3.2372817866359334e-87,3.349291736453537e-84
6,KAZN,16,19.542963,2.98939,4.7352063498791015e-85,4.5928542089858614e-82
6,CCSER1,17,19.528416,3.3885386,6.296201006314626e-85,5.747690789235099e-82
6,KCNT2,18,19.489021,3.4373374,1.3605877483709474e-84,1.1437335998166865e-81
6,KIAA1211,19,19.487549,3.4438217,1.4002795538705484e-84,1.1437335998166865e-81
6,ROBO2,20,19.412834,4.309168,6.01170670228566e-84,4.664783815638558e-81
6,CCDC85A,21,19.369873,3.8104484,1.3859677207930285e-83,1.024230145666048e-80
6,CNR1,22,19.243227,5.2033544,1.6087494400105922e-82,1.134826479978381e-79
6,GABRB2,23,19.213453,3.28324,2.856155461343887e-82,1.9271598523737295e-79
6,GAD1,24,18.988377,4.008101,2.1280868234973627e-80,1.3760741422439823e-77
6,SNTG1,25,18.969584,3.6894817,3.0430455592428683e-80,1.889000961355603e-77
6,FSTL5,26,18.85239,4.2932367,2.808642864728651e-79,1.6764357160663052e-76
6,INPP4B,27,18.62018,3.2467847,2.2047334362061796e-77,1.267231785054952e-74
6,PLCB1,28,18.3833,2.998794,1.7875583141370062e-75,9.907541956104358e-73
6,PAK3,29,18.29602,2.8957043,8.90198328560767e-75,4.763788917563635e-72
6,CHRM3,30,18.265936,3.601841,1.545410732917941e-74,7.994409721384509e-72
6,PLD5,31,17.98038,3.1811402,2.775921428323263e-72,1.3896620853596362e-69
6,NMNAT2,32,17.87691,2.676584,1.784582183470576e-71,8.654665907899959e-69
6,ZNF385D,33,17.75949,3.9115582,1.455542091144995e-70,6.8450174886300535e-68
6,GABRA1,34,17.750715,3.1897767,1.701721880651886e-70,7.767359372304888e-68
6,SNRPN,35,17.687096,2.8925653,5.27246478124146e-70,2.3378108840024635e-67
6,PCSK2,36,17.544174,3.0231042,6.590337000350712e-69,2.8409844419011856e-66
6,KCNQ5,37,17.524845,3.8062348,9.259359603899692e-69,3.883675721430252e-66
6,ENTPD3,38,17.368029,3.9327507,1.4409107412604436e-67,5.884603629900217e-65
6,LINGO2,39,17.172638,3.4548166,4.256234965570344e-66,1.6936541136073376e-63
6,TCF4,40,17.164234,1.530371,4.919362429354421e-66,1.9085896385287814e-63
6,SCG2,41,17.160385,4.023768,5.256463148440972e-66,1.9896354048940353e-63
6,CACNA1B,42,17.098093,2.967197,1.5333813623619352e-65,5.66584413392735e-63
6,CELF4,43,16.932222,2.79671,2.603655121253133e-64,9.396772982959853e-62
6,RIMS2,44,16.930382,2.9404318,2.6863151911474462e-64,9.474755784413004e-62
6,MTUS2,45,16.917166,3.1117334,3.3622837336282964e-64,1.1595395836039453e-61
6,GABBR2,46,16.899902,2.7705321,4.506573068676176e-64,1.5203805967996864e-61
6,CNTN4,47,16.85114,3.1327457,1.0291332570409581e-63,3.398110428940134e-61
6,CCK,48,16.82547,4.1938004,1.5879657484694608e-63,5.134091760520326e-61
6,GRIN2B,49,16.694267,2.9093122,1.4428160572497093e-62,4.5696045698894363e-60
6,MACROD2,50,16.678247,2.5345464,1.8867142607400625e-62,5.855983722485006e-60
6,FGF14,51,16.656881,3.2916746,2.6972970237367026e-62,8.207716178699978e-60
6,DCX,52,16.626684,3.5223393,4.466419106947134e-62,1.3329684253983186e-59
6,RAB3C,53,16.56012,2.8961012,1.3532487701620715e-61,3.9624655970085263e-59
6,GNAS,54,16.549562,2.1035118,1.6126823926574016e-61,4.634670009564855e-59
6,LYPD6B,55,16.496498,5.2175,3.887912835755164e-61,1.0970276236015344e-58
6,SCN2A,56,16.488998,2.487365,4.401809802110259e-61,1.2198515414098054e-58
6,SYT14,57,16.460556,2.3634562,7.044971563369517e-61,1.918086205121606e-58
6,GAD2,58,16.39569,3.8352137,2.0529435992569337e-60,5.493039951184199e-58
6,FRMPD4,59,16.350183,2.8890147,4.3367890099189046e-60,1.1407225194056183e-57
6,VSTM2A,60,16.2526,3.2466764,2.140870358386574e-59,5.537361181966874e-57
6,LAMA3,61,16.164442,4.4062605,8.984643004783816e-59,2.2857815539547544e-56
6,SLC44A5,62,16.11254,2.6653457,2.0829334372949344e-58,5.213716776351626e-56
6,ARL4C,63,16.098927,4.1692786,2.5957099003569198e-58,6.394098721212546e-56
6,PDZRN3,64,16.086332,2.8818815,3.181353018892107e-58,7.714283984404159e-56
6,RIPOR2,65,15.954336,2.59836,2.6578504143537326e-57,6.345720089285474e-55
6,SCN3A,66,15.950628,2.390967,2.820434859522667e-57,6.63186796741398e-55
6,PLCB4,67,15.940327,2.838162,3.326084084108613e-57,7.670289606073343e-55
6,NR3C2,68,15.939676,2.148999,3.360910453076792e-57,7.670289606073343e-55
6,CNTN5,69,15.897451,3.3538148,6.599589156656817e-57,1.4843336829298136e-54
6,GRIA1,70,15.870622,2.7647836,1.0123324220305022e-56,2.2443409796416235e-54
6,DAB1,71,15.825397,2.750351,2.078850825473167e-56,4.543899431058885e-54
6,C8orf34,72,15.670137,3.3312635,2.420564552634452e-55,5.145854971552611e-53
6,REEP1,73,15.581442,2.5244362,9.733440217132105e-55,2.041260253103691e-52
6,ROBO1,74,15.5753,2.3677468,1.0714845883669175e-54,2.217115910248826e-52
6,SHISA6,75,15.567517,3.3153672,1.2101324464092412e-54,2.4710586099769757e-52
6,NETO2,76,15.519463,3.0579123,2.5618791852259635e-54,5.0971542404515034e-52
6,SRRM4,77,15.497982,2.495444,3.5795948015407806e-54,7.031864775330553e-52
6,PLXNA4,78,15.495265,2.7867687,3.734172556239967e-54,7.243827987536005e-52
6,SYNE1,79,15.432408,1.9979166,9.910171111118905e-54,1.8987153762154852e-51
6,GABRG3,80,15.417975,3.122041,1.239297145100945e-53,2.34544541400263e-51
6,CACNA1D,81,15.404164,2.2554908,1.5346064051575186e-53,2.8693441929686186e-51
6,KIAA1549L,82,15.345779,2.4663408,3.779939037764006e-53,6.983437372269001e-51
6,SORCS3,83,15.304855,2.641245,7.095907822413197e-53,1.2827111696664163e-50
6,ATCAY,84,15.300582,2.3575985,7.577555565866251e-53,1.3516791359388317e-50
6,RANBP17,85,15.138814,3.0879984,8.98193223100782e-52,1.554125165881059e-49
6,CACNA1C,86,15.138587,2.4931138,9.012904499600186e-52,1.554125165881059e-49
6,CALB2,87,15.129361,6.6871524,1.0369718640738262e-51,1.7684358635782094e-49
6,SYT16,88,15.11456,2.27859,1.2983600502233431e-51,2.190135828197398e-49
6,FRRS1L,89,15.103494,2.2371047,1.5357518415879094e-51,2.5627239601723404e-49
6,NBEA,90,15.088325,1.9235704,1.9328806081331285e-51,3.1911036337891513e-49
6,GRIN1,91,15.081164,2.277786,2.154354611997321e-51,3.519308339324887e-49
6,PDE3A,92,15.055694,3.761126,3.167598688901507e-51,5.120621255527342e-49
6,TMEM178B,93,15.036789,2.2276824,4.2150854924198525e-51,6.743702242975638e-49
6,PODXL2,94,15.010667,2.804956,6.251622510918154e-51,9.899890790503963e-49
6,KLHL29,95,14.86237,2.390176,5.78428035824841e-50,8.976624687965707e-48
6,DCLK1,96,14.859681,2.6381404,6.021151885585082e-50,9.251708525979692e-48
6,ST8SIA5,97,14.834946,2.739559,8.707454564686577e-50,1.3248136018565784e-47
6,SYT1,98,14.816635,3.1823795,1.143724492667576e-49,1.7232485826901078e-47
6,PNMA2,99,14.763174,2.7393553,2.5308371857154825e-49,3.7765444504921703e-47
6,CAMK4,100,14.740986,2.3695185,3.5161263917545635e-49,5.196834807013245e-47
7,GRIP1,1,17.758755,5.0318184,1.4746941776423012e-70,2.2885778942830876e-66
7,CNTNAP2,2,17.646856,4.36701,1.0758065874732423e-69,8.24711477224959e-66
7,PAM,3,17.624624,3.7176523,1.5942615063308698e-69,8.24711477224959e-66
7,NXPH1,4,17.561165,5.6049476,4.886187276984541e-69,1.8957185087880774e-65
7,KCNC2,5,17.452726,4.7164736,3.2818730607984032e-68,9.54895966846809e-65
7,XKR4,6,17.441647,4.012404,3.984256205182993e-68,9.54895966846809e-65
7,KIAA1217,7,17.437193,4.863003,4.307153661916144e-68,9.54895966846809e-65
7,ELAVL2,8,16.611202,4.2660847,5.78222104212909e-62,1.1216786044100169e-58
7,ZNF385D,9,16.55415,4.992316,1.4943954567099434e-61,2.5768358991868456e-58
7,GRIA1,10,16.363222,3.742697,3.501066859695171e-60,5.433305659560935e-57
7,CADPS,11,16.158344,3.5017715,9.919130105007375e-59,1.3994089099964496e-55
7,SNRPN,12,16.129597,3.4621916,1.580512981655571e-58,2.0439984135260676e-55
7,NRXN3,13,16.106884,3.246087,2.2823601437307757e-58,2.6126201340865367e-55
7,UNC5D,14,16.104897,4.138579,2.35689682822421e-58,2.6126201340865367e-55
7,PTCHD4,15,16.085535,4.4368668,3.22252874238556e-58,3.3340282368721006e-55
7,DLGAP1,16,15.73957,3.6394224,8.099292144135801e-56,7.8558071740527185e-53
7,GRIK1,17,15.730404,4.8580456,9.361186048772582e-56,8.54566154652363e-53
7,TENM1,18,15.6497555,3.438613,3.3349649914161265e-55,2.87529565009927e-52
7,GRIK3,19,15.620309,4.1383834,5.2948591376105864e-55,4.324785208240984e-52
7,SETBP1,20,15.28833,3.006534,9.14658043337033e-53,7.097289087273708e-50
7,ANK1,21,15.23595,4.692716,2.0413541407935787e-52,1.4919974035336498e-49
7,PCLO,22,15.233632,3.1682208,2.115081054046027e-52,1.4919974035336498e-49
7,GRIK2,23,15.1875105,3.584385,4.278633279940024e-52,2.8869612987560534e-49
7,TENM3,24,15.085292,3.4697807,2.0237633498577077e-51,1.3086159761017404e-48
7,GAD1,25,15.006963,4.123898,6.610577449137513e-51,4.1035820573266025e-48
7,RBFOX1,26,14.600667,4.1500974,2.781103858435226e-48,1.6599981068867797e-45
7,NEGR1,27,14.587416,3.1529176,3.377500260394185e-48,1.9413120941132358e-45
7,TENM2,28,14.562533,3.5707083,4.8622105951864864e-48,2.6948802223821102e-45
7,RAB3C,29,14.4762535,3.271109,1.7117691792222301e-47,9.160326169775789e-45
7,KAZN,30,14.462523,2.9193523,2.089924160015472e-47,1.0524167038079073e-44
7,SLC44A5,31,14.462119,3.1657982,2.1022564480987902e-47,1.0524167038079073e-44
7,KIF26B,32,14.370096,3.2991357,7.971996669265975e-47,3.8661692596980834e-44
7,GAD2,33,14.275756,4.372276,3.099106443358978e-46,1.4574252392269084e-43
7,HCN1,34,14.250394,3.233147,4.457574728897177e-46,2.034620653463391e-43
7,FGF12,35,14.215316,3.289772,7.361895986471485e-46,3.1786007441524215e-43
7,SYN2,36,14.215205,3.0573843,7.373518061053366e-46,3.1786007441524215e-43
7,PLCH1,37,14.130582,3.9527702,2.4610368109934946e-45,1.0322386559407579e-42
7,RASGRF2,38,14.02829,2.9807446,1.0464481610865727e-44,4.2736392136585586e-42
7,KIAA1211,39,13.929974,3.126834,4.1651096245093713e-44,1.6573932375066904e-41
7,PTPRM,40,13.912637,2.7833562,5.308602187424021e-44,2.0596049336658345e-41
7,ARX,41,13.89611,4.6769824,6.68793466582692e-44,2.531464831194341e-41
7,PLCB1,42,13.772321,2.9204693,3.740010367660532e-43,1.3819338308505665e-40
7,MYT1L,43,13.738751,3.0249586,5.949292870067624e-43,2.1471413035018477e-40
7,CELF4,44,13.726604,2.9041958,7.0354203782479205e-43,2.481424746591579e-40
7,CCSER1,45,13.72296,3.1202273,7.398182362269637e-43,2.5513864906680555e-40
7,DLGAP2,46,13.694324,3.4392483,1.0977852459545548e-42,3.703593311297551e-40
7,PTPRN2,47,13.652766,2.8632052,1.9435889271713614e-42,6.417565225696247e-40
7,ASTN2,48,13.608816,2.4884813,3.5494640157188465e-42,1.1475860845820997e-39
7,ADGRL2,49,13.572081,3.1620264,5.863339033701954e-42,1.8570032339596046e-39
7,SRRM3,50,13.569762,2.6566734,6.05181781606003e-42,1.8783632137487123e-39
7,SYT1,51,13.553823,3.7922938,7.520799189214398e-42,2.2885349532827107e-39
7,EPHA6,52,13.550069,3.3554547,7.91553526405419e-42,2.3623306108241726e-39
7,CACNB4,53,13.5274315,3.1834881,1.0772150961166882e-41,3.1542077503084685e-39
7,LHX6,54,13.481163,6.61266,2.0189854800895103e-41,5.802339938057243e-39
7,GRIN2B,55,13.428674,2.9435701,4.107008732534536e-41,1.1588485185491539e-38
7,DCX,56,13.4053,3.22429,5.629505813086521e-41,1.5572346227717355e-38
7,SLC4A10,57,13.404122,2.8207996,5.719593627037111e-41,1.5572346227717355e-38
7,ADCY8,58,13.197661,2.7905934,9.050110388061824e-40,2.4215286743505423e-37
7,DAPK1,59,13.184226,2.5242481,1.0815793197868519e-39,2.8449202480969752e-37
7,GRIP2,60,13.119847,4.1892757,2.5344400427043495e-39,6.5553291704548e-37
7,SCN1A,61,13.08856,2.7002425,3.827956927360484e-39,9.738698943558581e-37
7,VSTM2A,62,13.083812,3.0715234,4.074824241164097e-39,1.0199547967520261e-36
7,AHI1,63,13.032831,2.048934,7.959797290045022e-39,1.9607633991144236e-36
7,PACRG,64,12.969999,2.5624852,1.810330608076481e-38,4.389768860427955e-36
7,UNC80,65,12.92454,2.4251976,3.27248190384823e-38,7.81317641012626e-36
7,TRPC4,66,12.883425,3.501973,5.580347769750284e-38,1.3121426824053733e-35
7,KCNC1,67,12.8653145,2.7659926,7.055415277695516e-38,1.6342237267844285e-35
7,TMEM178B,68,12.857511,2.4248662,7.804954725039326e-38,1.7812513584983133e-35
7,NBEA,69,12.853021,1.9915761,8.271640321653448e-38,1.8603997993005776e-35
7,SOX6,70,12.838554,3.382698,9.971900951651562e-38,2.2107704409811515e-35
7,AAK1,71,12.837046,1.8404106,1.0168164665030414e-37,2.2225316540367184e-35
7,OXR1,72,12.781538,2.5557787,2.0791796423345862e-37,4.481498454082006e-35
7,FAM189A1,73,12.779992,2.6116269,2.120923548947769e-37,4.50885103508499e-35
7,CNTNAP3B,74,12.717233,2.8818395,4.7436490268371146e-37,9.948201249660159e-35
7,KCND2,75,12.705086,3.0220962,5.5408736989000836e-37,1.1465175857764053e-34
7,SLC8A3,76,12.676522,2.779173,7.979466814563885e-37,1.629386124937065e-34
7,PAK3,77,12.672252,2.6031055,8.425997169661237e-37,1.6982214295580875e-34
7,AGBL4,78,12.658559,2.787693,1.0032359839412732e-36,1.99605374804931e-34
7,CDH9,79,12.657013,3.20975,1.0231846703698328e-36,2.0099750505657514e-34
7,RIMS2,80,12.651271,2.8818197,1.1007927640551599e-36,2.1354003631715034e-34
7,GRIA3,81,12.646302,2.5324547,1.1726580063031424e-36,2.2467258765207985e-34
7,KLF12,82,12.613616,2.6063836,1.776518331540817e-36,3.362169266729505e-34
7,OSBPL6,83,12.538379,2.3107297,4.603184397644246e-36,8.606845622535067e-34
7,ATP8A2,84,12.504846,2.6611102,7.023618599150297e-36,1.2976135361930172e-33
7,GRM5,85,12.47595,2.9291382,1.0099364011702725e-35,1.8439062364425245e-33
7,SPOCK3,86,12.470687,2.70431,1.0789188251650886e-35,1.9469466567136056e-33
7,KCTD16,87,12.458797,2.681681,1.2524452953932651e-35,2.234103280368745e-33
7,OSBPL10,88,12.369389,2.8038948,3.827213758923818e-35,6.749378445993038e-33
7,SRRM4,89,12.367953,2.6411312,3.896222264057834e-35,6.793873406282419e-33
7,NETO1,90,12.356432,2.690223,4.496747981013036e-35,7.753892435260146e-33
7,NHS,91,12.344433,2.9078736,5.220091731886179e-35,8.902264130455122e-33
7,RPH3A,92,12.311747,3.1859953,7.831010326937804e-35,1.320972274605954e-32
7,TMEM132B,93,12.29982,2.3104508,9.077581783877138e-35,1.514784857032143e-32
7,GPC6,94,12.287453,3.2186794,1.0578734772408535e-34,1.7465040950320008e-32
7,CHD5,95,12.227896,2.2431548,2.205785038015007e-34,3.6033240005215676e-32
7,GRIN3A,96,12.188805,3.807528,3.5661276596741877e-34,5.764868244842054e-32
7,FRMPD4,97,12.159837,2.794944,5.0860484952585015e-34,8.137153257517184e-32
7,MPPED1,98,12.15575,2.9048343,5.3468464864991025e-34,8.467113328977507e-32
7,CPLX1,99,12.118353,3.2434294,8.443918961376825e-34,1.3236482662788582e-31
7,TMTC1,100,12.095789,2.458772,1.1116909830630029e-33,1.7252332366154742e-31
8,FGF13,1,15.789242,6.2641454,3.689887433715737e-56,5.7263363083834526e-52
8,GRIP1,2,15.530568,5.688303,2.1546304381983344e-54,1.6718854885199978e-50
8,FSTL5,3,15.466638,5.763749,5.827192427516785e-54,3.014406642754433e-50
8,KAZN,4,15.421138,3.9445322,1.180073346381981e-53,4.578389565625491e-50
8,GRIN2A,5,15.195178,4.47097,3.806269655309094e-52,1.1813899756148365e-48
8,FGF14,6,15.027241,4.273868,4.868662952240713e-51,1.2592796725970604e-47
8,MTUS2,7,14.975965,4.509795,1.0542695513063459e-50,2.337315595246169e-47
8,MYO16,8,14.921117,4.3500824,2.4021759954230976e-50,4.659921159121382e-47
8,ALK,9,14.899249,4.89817,3.3330618669006554e-50,5.74730967915903e-47
8,GAD2,10,14.783381,5.444132,1.8751157050620464e-49,2.90999206268579e-46
8,PTPRT,11,14.765525,4.687281,2.444119970717832e-49,3.4482088932336394e-46
8,GRIK1,12,14.7366905,5.4138145,3.74703454980297e-49,4.845852431532692e-46
8,KCNC2,13,14.576512,4.6484513,3.962471638918264e-48,4.7302767203363494e-45
8,SLC6A1,14,14.57109,3.843912,4.2899313247748466e-48,4.755388873512918e-45
8,UNC5D,15,14.477355,4.609665,1.6845537119917428e-47,1.7428392704266572e-44
8,SGCZ,16,14.402932,4.8209605,4.959421405169151e-47,4.810328799176254e-44
8,PTCHD4,17,14.393232,5.1420035,5.70654476704636e-47,5.209404014105439e-44
8,RPH3A,18,14.307522,4.4766755,1.963873143044377e-46,1.6931859614947602e-43
8,RAB3C,19,14.283537,4.1220903,2.7716840603249205e-46,2.2638823648517074e-43
8,NXPH1,20,14.217888,5.2640095,7.096267035024285e-46,5.506348405827093e-43
8,SYT1,21,14.026671,4.3837943,1.0706026866264587e-44,7.91175385416953e-42
8,PIP5K1B,22,14.009388,4.007252,1.365769299899004e-44,9.634260802333021e-42
8,EYA4,23,13.840348,5.5407114,1.4549976557834528e-43,9.81743853047974e-41
8,GABRB2,24,13.825666,3.665423,1.7845189427663382e-43,1.1539145613662835e-40
8,CCSER1,25,13.728889,3.6382787,6.817009015080089e-43,4.2317265162011166e-40
8,ZMAT4,26,13.719146,4.2056775,7.797846553198221e-43,4.654414640733969e-40
8,KIAA1211,27,13.61677,3.8357327,3.183390388320261e-42,1.8297420531978564e-39
8,ERBB4,28,13.549356,3.5063016,7.992733578338478e-42,4.297815445312525e-39
8,TACR1,29,13.549005,5.6794934,8.031229326249322e-42,4.297815445312525e-39
8,ATP8A2,30,13.544331,3.4410985,8.559050684086567e-42,4.3968216419592315e-39
8,MACROD2,31,13.542435,3.1649213,8.782877176411894e-42,4.3968216419592315e-39
8,GRIK2,32,13.453374,3.5735955,2.9413946386543396e-41,1.426484481164897e-38
8,TMEM132D,33,13.42789,3.634848,4.150703319618015e-41,1.9519625702167262e-38
8,VWC2,34,13.379127,4.151991,8.008258507668145e-41,3.6552989347206456e-38
8,TMEM132B,35,13.28645,2.9451663,2.7742979546465495e-40,1.2251880865772075e-37
8,SYN2,36,13.284643,3.4205415,2.842114254576936e-40,1.2251880865772075e-37
8,GRIA4,37,13.238966,3.2563076,5.226342750527307e-40,2.192097652579278e-37
8,PKNOX2,38,13.2042675,3.342425,8.290228940028792e-40,3.385685866323864e-37
8,CELF4,39,13.114237,3.2664773,2.7291711332368984e-39,1.0860001747872672e-36
8,RGS7,40,12.977294,3.1501331,1.6459338887041948e-38,6.3858120047001e-36
8,GRIN3A,41,12.935365,4.7083807,2.842703554751986e-38,1.075997962590148e-35
8,KCNAB1,42,12.895552,3.3179154,4.768369468571521e-38,1.7619125186371768e-35
8,UNC13C,43,12.889953,4.628672,5.127535240510963e-38,1.8505632418020845e-35
8,KCTD16,44,12.851771,3.3785284,8.406347161142688e-38,2.964956854403941e-35
8,RIMBP2,45,12.837618,3.1293664,1.009321966045673e-37,3.480815020236178e-35
8,GABBR2,46,12.815529,3.219822,1.34219383550484e-37,4.5281535072173066e-35
8,GPR158,47,12.800274,3.1957712,1.6337321700560055e-37,5.39444458448918e-35
8,RBFOX3,48,12.655572,3.241546,1.0421358454282658e-36,3.3693554552502623e-34
8,GRIA1,49,12.636305,3.3381224,1.331663304534361e-36,4.2175679230752545e-34
8,KIT,50,12.632557,5.3661013,1.3966420165896533e-36,4.334897491090966e-34
8,EXT1,51,12.629868,2.9196026,1.445206697815894e-36,4.397678969295071e-34
8,PRELID2,52,12.613996,4.469166,1.7679720769009505e-36,5.276376665658817e-34
8,GAD1,53,12.60143,3.8445642,2.073504969052757e-36,6.071457285798064e-34
8,NYAP2,54,12.598653,3.4571283,2.1478269378778902e-36,6.172615972023515e-34
8,ADGRL2,55,12.532915,3.4556468,4.931625010770753e-36,1.391525246220933e-33
8,EGFR,56,12.53049,3.6043673,5.084761638999398e-36,1.409114569207708e-33
8,CDK14,57,12.52877,2.7030573,5.1962038490842194e-36,1.4147348690164562e-33
8,KCNIP1,58,12.499054,3.389876,7.554489704809965e-36,2.0213469953266524e-33
8,CCDC85A,59,12.497378,3.5198557,7.715366713599954e-36,2.0294029835314862e-33
8,RIMS1,60,12.464268,2.9844768,1.1694168356560843e-35,3.011528836426065e-33
8,DLGAP1,61,12.463297,3.5200222,1.1837312908176427e-35,3.011528836426065e-33
8,GRIP2,62,12.404305,4.6485734,2.4765098304742263e-35,6.19886388050476e-33
8,SCN1A,63,12.352853,3.077716,4.701417935164191e-35,1.1400203896220794e-32
8,UBASH3B,64,12.33579,3.489245,5.811600704751523e-35,1.387542020569829e-32
8,MGAT4C,65,12.326046,3.681886,6.558659495296281e-35,1.5421793440530754e-32
8,PRKCE,66,12.286233,2.346902,1.0739445865437702e-34,2.4875441848616075e-32
8,SV2C,67,12.255503,5.7273808,1.5697243064894172e-34,3.582434045942539e-32
8,DAB1,68,12.232489,3.1706262,2.0845401405133593e-34,4.688402672554612e-32
8,NRIP3,69,12.208327,4.5371585,2.805995490823717e-34,6.220892003156182e-32
8,ADARB2,70,12.179625,4.0042005,3.991141186176575e-34,8.7237352208837e-32
8,CNTNAP2,71,12.143471,3.3011487,6.213307939274295e-34,1.3392267487444135e-31
8,RERG,72,12.099029,4.198212,1.0686788747634819e-33,2.2291951318128166e-31
8,MPPED1,73,12.098368,3.8652515,1.0773222171915796e-33,2.2291951318128166e-31
8,XKR4,74,12.014069,3.1220558,2.9972914041206928e-33,6.120390171124873e-31
8,KCNJ3,75,11.969229,2.9483793,5.1504967279063934e-33,1.0380592041607704e-30
8,CCK,76,11.961293,3.5318723,5.667257702104952e-33,1.1275663112688044e-30
8,NFIB,77,11.831493,2.352668,2.683258884958088e-32,5.2710752703372866e-30
8,CACNA1B,78,11.828142,3.081942,2.792538059878766e-32,5.417174768907321e-30
8,PDZRN3,79,11.819457,3.1041954,3.096810652482587e-32,5.933259816774971e-30
8,PKP2,80,11.812005,4.8751574,3.383921948707992e-32,6.404278624634064e-30
8,ZNF385D,81,11.787668,3.5544908,4.5188044223022686e-32,8.449075401169749e-30
8,ADAM22,82,11.77475,2.487889,5.267318458678666e-32,9.731370852408835e-30
8,PDE10A,83,11.692523,2.9796019,1.3918992435344277e-31,2.511730739582649e-29
8,RBFOX1,84,11.687232,4.0699444,1.4813645293841513e-31,2.6424478312083497e-29
8,PTPRM,85,11.685204,2.6519983,1.5171534028158335e-31,2.6755345066248775e-29
8,NTNG1,86,11.661528,3.3090189,2.0041406549976017e-31,3.494635823023346e-29
8,SLC2A13,87,11.621494,2.6714156,3.204814456720025e-31,5.526168394870896e-29
8,LINGO2,88,11.561708,3.5938163,6.4414118683981425e-31,1.0985084701722063e-28
8,PRICKLE2,89,11.534329,2.5769382,8.857505197114103e-31,1.4941263386305844e-28
8,GRIN2B,90,11.5003805,3.0027575,1.3133584720680907e-30,2.1916139922607204e-28
8,DNER,91,11.4779825,2.5691915,1.7020574445508175e-30,2.810024412977036e-28
8,NHS,92,11.416257,3.184852,3.468525196710752e-30,5.6661097397635955e-28
8,CACNA2D1,93,11.408718,2.4130719,3.7826422802301595e-30,6.114877661134568e-28
8,GRM5,94,11.282004,3.124025,1.6103483015058515e-29,2.5763912671205474e-27
8,THRB,95,11.1901655,2.5715263,4.5558247699831264e-29,7.21447393932328e-27
8,DOK6,96,11.173235,2.692077,5.513547274998223e-29,8.642903046535093e-27
8,CACNG3,97,11.095946,2.758953,1.3126385386370663e-28,2.037083748110863e-26
8,OSBPL6,98,11.085585,2.5085452,1.4738395751762923e-28,2.264605580907018e-26
8,BCL11B,99,11.072094,3.5407562,1.7135015112581206e-28,2.607042152275958e-26
8,LRRC7,100,11.053047,2.386581,2.1189893198485293e-28,3.1926791509445945e-26
9,FLT1,1,7.1123466,9.808696,1.1408621903758096e-12,1.770504033244219e-08
9,ABCB1,2,6.6729665,8.297973,2.5068388283087857e-11,1.5978738985837735e-07
9,MECOM,3,6.6422706,7.161764,3.088872798344816e-11,1.5978738985837735e-07
9,ST6GALNAC3,4,6.346075,3.9633026,2.2087779513096248e-10,6.083935703704238e-07
9,CLDN5,5,6.339337,12.294475,2.3075637167594627e-10,6.083935703704238e-07
9,ATP10A,6,6.2994695,8.925792,2.986657658284835e-10,6.083935703704238e-07
9,VWF,7,6.291889,8.460964,3.136251409861067e-10,6.083935703704238e-07
9,EPAS1,8,6.2541747,7.3880453,3.996236388757366e-10,6.890843613013951e-07
9,PTPRG,9,6.2089734,3.6293068,5.333191320187174e-10,7.193433471784428e-07
9,COBLL1,10,6.1922216,6.42131,5.93220914477817e-10,7.193433471784428e-07
9,ELOVL7,11,6.0112286,5.6690173,1.8412249458793052e-09,1.5038931544789968e-06
9,HERC2,12,5.9310265,2.860786,3.0104656334885677e-09,2.2502392101686593e-06
9,UTRN,13,5.929155,4.0738235,3.044978633516454e-09,2.2502392101686593e-06
9,ADGRF5,14,5.8795547,7.5653434,4.113710939310592e-09,2.9007438157800685e-06
9,PODXL,15,5.809928,6.9897943,6.249976263340193e-09,3.3784173801752876e-06
9,IGF1R,16,5.8082433,2.6543338,6.313171211101446e-09,3.3784173801752876e-06
9,ARHGAP29,17,5.708669,6.0320854,1.1386295879811524e-08,5.700126637380485e-06
9,THSD4,18,5.671984,6.400596,1.411531905180621e-08,6.845488636405643e-06
9,PRKCH,19,5.62463,5.4786124,1.8590591364915723e-08,8.74264810279173e-06
9,SYNE2,20,5.619202,5.4730196,1.918412663772221e-08,8.756425332082677e-06
9,PTPRM,21,5.458798,3.139323,4.793689562212302e-08,1.7712682932374456e-05
9,FLI1,22,5.442327,4.9732966,5.258902077554196e-08,1.8548386668537174e-05
9,NXN,23,5.418931,4.6625695,5.99565078325652e-08,1.979712861816126e-05
9,CRIM1,24,5.3946924,3.4450517,6.864104837446375e-08,2.147180852902076e-05
9,ARL15,25,5.3905745,3.4666884,7.023273245739297e-08,2.147180852902076e-05
9,ANO2,26,5.3784084,6.550115,7.514710077157116e-08,2.2164583777349672e-05
9,SLC1A1,27,5.367646,4.098652,7.97707560184112e-08,2.2198392495537814e-05
9,CDYL2,28,5.3668976,4.3742332,8.010245375024922e-08,2.2198392495537814e-05
9,CADPS2,29,5.353141,3.5854146,8.644055617117345e-08,2.3534578793341067e-05
9,CGNL1,30,5.2720027,5.3689575,1.3494303016891745e-07,3.5913343823633816e-05
9,FN1,31,5.2698503,5.4662347,1.365350399893289e-07,3.5913343823633816e-05
9,MKL2,32,5.245518,3.234444,1.5584358699947723e-07,3.976907955268824e-05
9,HEG1,33,5.181787,5.001965,2.1976999075125788e-07,5.329078885107455e-05
9,ERG,34,5.108791,8.304569,3.242267583525191e-07,7.623750095261733e-05
9,PTPRB,35,5.0739775,4.3213058,3.8958519740673323e-07,8.891136291992784e-05
9,MYRIP,36,5.051049,3.337259,4.3938984083533666e-07,9.665438046761618e-05
9,BTNL9,37,5.0144577,6.5593457,5.318328449845239e-07,0.00011463213779603925
9,ENG,38,5.0021043,6.1187706,5.670786706772777e-07,0.00012055471082521467
9,RAPGEF2,39,4.946234,2.0405872,7.566288141395706e-07,0.00015450161271884206
9,ESYT2,40,4.937531,3.1190486,7.911786505026652e-07,0.000159458460742219
9,HLA-E,41,4.8771687,5.14028,1.0761935568255934e-06,0.00021141073175159978
9,WWC2,42,4.8580775,2.8037753,1.1853103118121637e-06,0.0002299353841126621
9,DUSP1,43,4.8387055,5.0638094,1.3068756775684734e-06,0.00024144528143077543
9,GNAS,44,4.8343067,1.9766387,1.3361029085407653e-06,0.00024394095338404865
9,ZBTB38,45,4.8283176,2.652812,1.3769141988165206e-06,0.00024846897036550676
9,CD34,46,4.749987,10.626532,2.0342962435746604e-06,0.00033678745241988396
9,IGFBP7,47,4.7494254,4.824589,2.03995235050384e-06,0.00033678745241988396
9,MYOF,48,4.723409,4.6428456,2.3192372178341593e-06,0.00036174957316146205
9,LEF1,49,4.723409,8.222311,2.3192372178341593e-06,0.00036174957316146205
9,ABCG2,50,4.711992,7.90368,2.4530737838991447e-06,0.00037692328764683987
9,EMCN,51,4.6969247,7.573398,2.641079504766548e-06,0.0003990073613814094
9,TPST2,52,4.696082,4.4246335,2.6519873718160754e-06,0.0003990073613814094
9,KANK3,53,4.6903734,7.0987425,2.727066257093862e-06,0.00039925793626263814
9,GRB10,54,4.6780205,2.8923876,2.896576854299594e-06,0.00042011192712033084
9,TFRC,55,4.644798,4.3612456,3.4040960425166587e-06,0.00048025605894378207
9,RAC1,56,4.63703,2.6779487,3.5345058340334536e-06,0.0004941621264717582
9,EMP2,57,4.616816,5.987415,3.8967245149160205e-06,0.0005351616614777143
9,BMPR2,58,4.5912676,2.565947,4.405624913946007e-06,0.0005894042503407593
9,PARVB,59,4.565906,4.2155824,4.973418071581347e-06,0.0006531279556440092
9,PPFIBP1,60,4.561133,3.1088617,5.087831743934426e-06,0.0006531279556440092
9,PLSCR4,61,4.5431647,4.021843,5.5415887665561344e-06,0.0007049173448211856
9,PLEKHG1,62,4.4683905,4.104977,7.88102950413637e-06,0.0009592819020079437
9,RBPMS,63,4.4675484,5.3202896,7.912113116632307e-06,0.0009592819020079437
9,GALNT18,64,4.4531364,3.141579,8.462499499943336e-06,0.0010102271518432357
9,HIPK3,65,4.4289913,2.6812818,9.467478011549943e-06,0.001113074176221542
9,PLXNA2,66,4.4215045,3.01216,9.801594984787333e-06,0.0011436913726986062
9,TMSB10,67,4.3771453,4.0861554,1.20243712221932e-05,0.0013329015499801164
9,ADGRL4,68,4.34907,10.5899315,1.3671602703493402e-05,0.001494152129264184
9,NOTCH4,69,4.344765,9.261798,1.3942472995085025e-05,0.0015130995693057657
9,ADD1,70,4.3364363,1.8959678,1.4481147874763877e-05,0.0015498823025411077
9,LMBR1,71,4.331757,2.7907984,1.4792422078853591e-05,0.0015583753530906692
9,ADIPOR2,72,4.331663,2.6440604,1.4798712166928077e-05,0.0015583753530906692
9,ZNF366,73,4.3307276,8.706129,1.4861753480083708e-05,0.0015583753530906692
9,XAF1,74,4.3277326,4.307744,1.506521098174957e-05,0.0015691074444682657
9,NOSTRIN,75,4.3118234,7.469344,1.6191377586335616e-05,0.0016751599250822828
9,KLF2,76,4.3077054,7.8476562,1.6495672816567925e-05,0.0016953400426511101
9,ITGA6,77,4.2973175,4.3194604,1.728773262196449e-05,0.0017650547536859668
9,GALNT15,78,4.2669964,4.353395,1.9812248515547848e-05,0.0019844854208271195
9,BACE2,79,4.2563276,4.57535,2.078121491075828e-05,0.0020541635299366734
9,RELL1,80,4.2513676,4.1801076,2.1246909958157954e-05,0.0020755126636539958
9,ANXA2,81,4.2511806,5.9250965,2.126467643024585e-05,0.0020755126636539958
9,SP100,82,4.236488,3.3447988,2.270434245051369e-05,0.0022021793155595124
9,SLC7A5,83,4.2171154,5.0447197,2.474471532611081e-05,0.0023350893753785076
9,MGLL,84,4.2169285,2.7739313,2.4765254648039462e-05,0.0023350893753785076
9,SLCO4A1,85,4.216367,6.73524,2.482696996826173e-05,0.0023350893753785076
9,PDZRN3,86,4.1889467,3.1112063,2.802523558614629e-05,0.0025735126098307944
9,IRAK3,87,4.187543,4.0396876,2.819908439715685e-05,0.002574244651526336
9,FGD5,88,4.182302,5.6348004,2.8857221952808412e-05,0.002618919458980314
9,TACC1,89,4.1596546,2.6421716,3.18729282947813e-05,0.002859167480963647
9,ITGA1,90,4.135135,5.487744,3.54745485638738e-05,0.0031103362664562572
9,CD46,91,4.122782,2.6200845,3.743236487746571e-05,0.003263555452434777
9,ETS2,92,4.11202,3.920798,3.9221244335633875e-05,0.0033765036276325712
9,UACA,93,4.071404,3.4771416,4.6730591610122296e-05,0.0039200651416080425
9,MYH9,94,4.058115,3.0997088,4.9470383161258044e-05,0.0041055127073773455
9,SLC2A1,95,4.0417376,5.0048957,5.305654307605983e-05,0.004333602589459856
9,KLF6,96,4.0247054,3.6243408,5.7046694125736675e-05,0.0045870862494161
9,SLC7A1,97,4.023114,4.2896647,5.74335765432713e-05,0.00459268210080633
9,TNS1,98,4.0219913,3.5898836,5.7708164808121296e-05,0.00459268210080633
9,NAMPT,99,4.01909,3.8670633,5.8423284173693365e-05,0.004625872179038507
9,TGM2,100,3.9520836,9.075876,7.747366313065226e-05,0.005854766563504003
10,UACA,1,6.794926,5.933328,1.0836816209225785e-11,1.6817655075097496e-07
10,TPM1,2,6.582173,4.5215106,4.636218479729391e-11,2.973303224038048e-07
10,SLC6A20,3,6.506224,10.21672,7.706326254368768e-11,2.973303224038048e-07
10,NTRK3,4,6.4765177,4.3155437,9.386375792465148e-11,2.973303224038048e-07
10,NID1,5,6.4514256,7.492179,1.108029255053973e-10,2.973303224038048e-07
10,DCN,6,6.4458494,7.287461,1.1495469646387193e-10,2.973303224038048e-07
10,ABCA9,7,6.3256774,7.0690956,2.521243859128943e-10,5.589597635688867e-07
10,LAMA2,8,6.2924137,6.9156914,3.125674907232755e-10,6.063418610668141e-07
10,USP53,9,6.0719695,5.509356,1.263509680384403e-09,1.960840672988555e-06
10,CEMIP,10,5.945452,7.944466,2.7569491752210316e-09,2.9999138574598987e-06
10,RORA,11,5.9371843,3.6669605,2.8995881088922277e-09,2.9999138574598987e-06
10,PDZRN3,12,5.9149766,4.255615,3.3192322303965906e-09,3.2194478114702934e-06
10,BICC1,13,5.8334513,5.8118105,5.429239651795171e-09,4.956257068012309e-06
10,TGFBR3,14,5.8209534,5.39943,5.851282308281519e-09,5.044780563456716e-06
10,ITIH5,15,5.6484823,8.136241,1.6187051561832326e-08,1.1418493326730722e-05
10,FBLN1,16,5.630024,7.727366,1.8018472030841543e-08,1.2157768149853474e-05
10,EBF1,17,5.613488,7.482794,1.9828821354054608e-08,1.2821811608065562e-05
10,ZIC1,18,5.4658203,5.5254045,4.6077065498487724e-08,2.4657585499001066e-05
10,ARHGAP10,19,5.334881,4.850703,9.56074041376913e-08,4.945771016042771e-05
10,RBMS3,20,5.3243055,5.2337203,1.0133945621962964e-07,5.0731839389433305e-05
10,CRIM1,21,5.2703724,3.4273572,1.361473963771279e-07,6.304820158786123e-05
10,SLC7A11,22,5.2664304,5.0511556,1.391018381939961e-07,6.304820158786123e-05
10,COL6A2,23,5.2547016,8.041358,1.4826455509011018e-07,6.391437862342833e-05
10,CDH11,24,5.172504,3.3257143,2.3097769869889404e-07,9.191135656687529e-05
10,COLEC12,25,5.162121,4.6923585,2.441673773678699e-07,9.473083823429932e-05
10,ATP1A2,26,5.0954976,4.6596746,3.478266528721713e-07,0.00012852194823626727
10,COBLL1,27,5.0516586,5.571515,4.3798997950963786e-07,0.0001523461977559471
10,NR2F1,28,5.0500245,3.889552,4.4175390804933425e-07,0.0001523461977559471
10,NKD1,29,4.97023,5.0376663,6.687356745588439e-07,0.00019957901795151343
10,LAMA4,30,4.9663844,5.1872625,6.82126945489629e-07,0.0001997344918311991
10,SASH1,31,4.959174,2.773592,7.079352798049316e-07,0.00020345273346838397
10,ZBTB16,32,4.9225454,2.4844031,8.542568805914569e-07,0.0002367359380339075
10,SYNE2,33,4.9091825,5.029129,9.145690585194831e-07,0.00024471029688213545
10,PIAS1,34,4.900626,2.5345416,9.553172253327064e-07,0.0002462740072841129
10,COL1A2,35,4.876688,9.791032,1.0788199423093892e-06,0.00027003559168870016
10,SLC22A23,36,4.8597674,2.4604678,1.175236837862471e-06,0.0002845705222737012
10,SVIL,37,4.8569794,4.9151998,1.191899216946361e-06,0.0002845705222737012
10,ITGA11,38,4.8374634,7.7476306,1.3150650355544483e-06,0.0003001249159819042
10,PARD3,39,4.7937207,3.0198662,1.6371607021082406e-06,0.0003578464357185604
10,COL4A2,40,4.762861,4.375524,1.9086772638694842e-06,0.00040449877658900945
10,LAMC1,41,4.7607455,4.217238,1.9287911249169856e-06,0.00040449877658900945
10,TGFBR2,42,4.7250786,4.2544937,2.300265906834849e-06,0.0004759710214422669
10,GRK5,43,4.7167144,4.2114744,2.3968375916419215e-06,0.00048398520578605956
10,LDLRAD3,44,4.6744137,2.7789478,2.947944698667985e-06,0.0005718644222328557
10,PLCB4,45,4.6645117,3.9851344,3.09350930905909e-06,0.0005854654996010735
10,PTPRM,46,4.659032,2.541335,3.1770026314831693e-06,0.000594022937807076
10,PAM,47,4.6456685,2.7686834,3.3897687480731437e-06,0.0006262597762065132
10,SLC20A2,48,4.6045218,2.8468506,4.1341519014780544e-06,0.000729067083625431
10,EPS8,49,4.601445,3.068005,4.195696546352701e-06,0.0007305243901959632
10,ARHGAP29,50,4.5994263,5.419392,4.236561319520374e-06,0.0007305243901959632
10,PRRX1,51,4.5810637,3.7678776,4.626163916089455e-06,0.0007803634544977418
10,F3,52,4.5479927,4.8312125,5.416006191622916e-06,0.0008847473693452215
10,FOXP1,53,4.5144405,1.950505,6.348416923563816e-06,0.0010156812601730604
10,MCC,54,4.5068455,3.4976435,6.579850112556182e-06,0.001031441352492519
10,AKAP12,55,4.460507,3.9001558,8.176595596983561e-06,0.0012440449712704696
10,SLC16A12,56,4.4508934,8.896755,8.551382477796003e-06,0.001280980124042808
10,PDGFRB,57,4.4215713,4.5352244,9.798573718151598e-06,0.0014080006067777283
10,PHACTR2,58,4.350141,3.0990431,1.360501148249222e-05,0.0018045826768956987
10,TMEM132C,59,4.3464875,3.3356638,1.3833485992008125e-05,0.0018193378738133397
10,VPS13B,60,4.337066,1.5722806,1.4439720696738538e-05,0.0018674168791057114
10,PRKAG2,61,4.320242,2.3212454,1.558581947963208e-05,0.001982592889380412
10,ABCA10,62,4.30063,4.4854035,1.7031332606040488e-05,0.0021144740057051385
10,PID1,63,4.2816906,2.7689414,1.854786625635142e-05,0.00228447886057395
10,YAP1,64,4.2577524,3.7953675,2.064924730924281e-05,0.0024841524728072806
10,RBPMS,65,4.2450624,5.5143185,2.1853279490812796e-05,0.00260877726475326
10,PCCA,66,4.2181435,1.8670195,2.4632192916273736e-05,0.0028107867784386183
10,TIMP3,67,4.180842,4.1460648,2.9043146780454842e-05,0.0032899313495319614
10,PKP2,68,4.1567116,4.73593,3.228612379226392e-05,0.0036307851821169835
10,LPP,69,4.1495013,1.9602041,3.332005544362807e-05,0.0037201002908608923
10,SORBS1,70,4.1328692,2.1727936,3.582624021647257e-05,0.0039431732051023955
10,FOXP2,71,4.1209483,3.1506188,3.7731617330018276e-05,0.004123640629186998
10,EHBP1,72,4.116622,1.8732532,3.8446577067571934e-05,0.004172394611969572
10,ZEB1,73,4.106816,2.8243809,4.01150544501149e-05,0.004240292531076235
10,ABCA6,74,4.077975,3.7954879,4.54297198636752e-05,0.004638314622134049
10,FMO2,75,4.0599008,9.66668,4.9093583838644814e-05,0.004915376307044703
10,LAMB1,76,4.0452876,4.908704,5.225888824617264e-05,0.005132947384128817
10,FLVCR2,77,3.991643,6.5880322,6.561713863435749e-05,0.006214259094734285
10,C1S,78,3.9914505,4.1398177,6.567037125693813e-05,0.006214259094734285
10,FLRT2,79,3.9308836,2.881911,8.463418712890572e-05,0.007771822189665608
10,ECM2,80,3.921943,5.870409,8.783779682690624e-05,0.008018557464451516
10,PNISR,81,3.9120407,1.5071058,9.151946747863427e-05,0.008305793074859211
10,SH3D19,82,3.9095411,2.37195,9.24715999676459e-05,0.008343411394755213
10,LAMC3,83,3.9041574,5.8782973,9.455421593046835e-05,0.008482005069508313
10,ARNT2,84,3.8927171,2.060038,9.912774920294694e-05,0.008790648799317334
10,CELF2,85,3.8695478,1.9651384,0.00010903739474168878,0.009614496187478797
10,ROR2,86,3.8672404,5.486401,0.0001100738555105023,0.009651051772132685
10,ACSS3,87,3.8413794,3.8711135,0.00012234482596369653,0.010432249198519815
10,TNS2,88,3.8217673,3.54131,0.00013249868219152516,0.011055091660915478
10,ABLIM1,89,3.815326,2.2844956,0.0001360032185698804,0.01128681256142232
10,ANO2,90,3.8023474,4.7404275,0.0001433315097556326,0.011831711169668416
10,SNED1,91,3.7952332,3.1307573,0.00014750470024623878,0.012026817365198674
10,SLC25A37,92,3.776775,2.4164455,0.00015887225174147666,0.012774810750134591
10,UTRN,93,3.7519712,2.4721458,0.00017544958999996462,0.013793051199175824
10,ANTXR2,94,3.7366853,4.8215046,0.0001864620280676001,0.014396538376025303
10,FRMD6,95,3.726783,3.3280742,0.00019393918912827518,0.01475363860824364
10,FHL2,96,3.7136123,5.1890554,0.00020432177400513812,0.01539257092614436
10,TANK,97,3.7053444,2.4135392,0.00021110369570877412,0.015826658230456356
10,STK24,98,3.6999607,2.7164361,0.00021563287481021355,0.016088493193171655
10,GHR,99,3.6588137,3.3031049,0.00025338546184245524,0.01795565745357563
10,TBX18,100,3.6415088,8.135328,0.0002710447785212909,0.01894749512554916
11,PDGFRB,1,7.0158243,6.7543654,2.285968199572143e-12,1.9077940658722192e-08
11,CALD1,2,7.005636,5.0019636,2.458655926119233e-12,1.9077940658722192e-08
11,DLC1,3,6.4543924,5.068836,1.0865395660243559e-10,5.620669175043994e-07
11,EPS8,4,6.396726,5.0050325,1.5874391134481624e-10,6.158866900400508e-07
11,ATP1A2,5,6.3169026,5.442117,2.668572439468226e-10,7.447777887731929e-07
11,PDE7B,6,6.305132,5.294205,2.8794811087306895e-10,7.447777887731929e-07
11,COBLL1,7,6.1883154,6.8525085,6.081053040689043e-10,1.2902414114160913e-06
11,PTEN,8,6.174171,3.492698,6.651157478786474e-10,1.2902414114160913e-06
11,ARHGAP10,9,6.023823,5.2152486,1.7034507335747792e-09,2.6435851934347e-06
11,EBF1,10,5.8347993,9.235364,5.3855385180876494e-09,6.964847688516853e-06
11,PTH1R,11,5.791574,7.420619,6.972979474243111e-09,7.916968495531713e-06
11,TIMP3,12,5.781287,4.186844,7.413126167935783e-09,7.916968495531713e-06
11,SLC6A12,13,5.7759457,7.00682,7.6522022960871e-09,7.916968495531713e-06
11,DCN,14,5.752404,6.722342,8.798303145213927e-09,8.533804156910933e-06
11,LAMA2,15,5.7383585,5.4783783,9.559847944545898e-09,8.72701648537693e-06
11,ARHGAP29,16,5.7032447,6.393426,1.1754821346358217e-08,1.0004988505885265e-05
11,IGFBP7,17,5.6836596,6.0805793,1.3184256106923437e-08,1.023032352616724e-05
11,TNS1,18,5.5673375,4.989043,2.5866107407437653e-08,1.6462442647614322e-05
11,SGIP1,19,5.524706,2.7858565,3.300380416093817e-08,1.969946295283075e-05
11,UACA,20,5.4962187,4.853996,3.8802097329416215e-08,2.157601206947734e-05
11,ZFHX3,21,5.489097,3.9290318,4.039935815021976e-08,2.157601206947734e-05
11,PRKG1,22,5.4883056,4.000209,4.0580718158730666e-08,2.157601206947734e-05
11,ARHGAP42,23,5.414022,4.5228086,6.162464527332283e-08,2.8128025588138148e-05
11,ITIH5,24,5.390975,7.9722686,7.007641271890125e-08,3.1071881399560814e-05
11,PRELP,25,5.3593225,6.7293334,8.353450069074344e-08,3.6010331006101315e-05
11,RNF152,26,5.3187685,6.8251166,1.0447208193446075e-07,4.3818979447051255e-05
11,SLC38A11,27,5.293051,6.470983,1.20292473829733e-07,4.786715131701606e-05
11,MYO1B,28,5.280192,6.008834,1.2904852463210935e-07,5.0067601344142626e-05
11,SYNE2,29,5.1462636,5.3759227,2.6572621596208577e-07,9.818583679799068e-05
11,UTRN,30,5.1402297,3.8226583,2.744028003538835e-07,9.903388508585855e-05
11,ZIC1,31,5.1255903,4.9496975,2.966066021791736e-07,0.00010461449680042262
11,ARHGEF12,32,5.1209416,2.5066385,3.040137897045201e-07,0.00010484422227609884
11,TACC1,33,5.110061,2.5687046,3.2205458237926467e-07,0.0001063396822115704
11,CACNA1C,34,5.068122,3.1974785,4.017601383221382e-07,0.00012724317523716864
11,RORA,35,5.0122356,3.171612,5.380120642238044e-07,0.00016056556201325423
11,NOTCH3,36,4.998685,8.823986,5.772269635516617e-07,0.00016588861569181922
11,GJC1,37,4.9773192,8.488617,6.447087884215581e-07,0.00018191337613662108
11,ST5,38,4.9604053,3.3293004,7.034626883173506e-07,0.0001927989237766845
11,PCBP3,39,4.9591193,4.7011456,7.081344581011029e-07,0.0001927989237766845
11,RBMS3,40,4.887605,4.137713,1.0207004667263424e-06,0.00025269846956740345
11,TRPC4,41,4.887506,3.923458,1.0212132553071445e-06,0.00025269846956740345
11,PTPRG,42,4.861393,2.9401975,1.1656258616602008e-06,0.00027408102647128265
11,RBPMS,43,4.828158,5.8743157,1.3780166943835346e-06,0.0003144917805902658
11,CDH6,44,4.821234,5.655289,1.426727524612254e-06,0.0003181932646249363
11,P2RY14,45,4.774547,5.6323996,1.8011215004050946e-06,0.0003777243860106306
11,RHOJ,46,4.7424,5.2929583,2.112008403973441e-06,0.00043126655817452415
11,DACH1,47,4.7264752,5.115394,2.284506893210741e-06,0.00044877547437642394
11,SNTB1,48,4.719353,5.105096,2.365954457233011e-06,0.0004589655902724887
11,ECE1,49,4.710847,3.670056,2.466895301362904e-06,0.00047263886644260375
11,PLCB4,50,4.706297,3.700373,2.5225709675365187e-06,0.00047741193713657604
11,HES4,51,4.6704903,4.855657,3.004817635120914e-06,0.0005618284925233912
11,SLC30A10,52,4.631222,4.8371263,3.635144765225908e-06,0.0006636919013122454
11,SLC38A2,53,4.6199455,2.7489758,3.838408199903862e-06,0.000684692607520782
11,PDE3A,54,4.580677,4.636777,4.634733469509014e-06,0.0008173457808330727
11,TFPI,55,4.5753355,8.523253,4.7545719901229e-06,0.0008290584574687336
11,SVIL,56,4.571775,4.2634754,4.836107132694438e-06,0.0008339060732476109
11,GGT5,57,4.55674,7.376472,5.195369515455104e-06,0.0008735093894123821
11,BGN,58,4.556542,7.355617,5.200262814728977e-06,0.0008735093894123821
11,NR2F2,59,4.5512996,4.2749047,5.331554962276934e-06,0.0008802170368039972
11,COL4A4,60,4.4669266,6.1632113,7.935134830876586e-06,0.0012695397674265332
11,KCNT2,61,4.4478364,3.2770233,8.673959102575983e-06,0.0013327838743849177
11,SLC20A2,62,4.4429893,2.3707976,8.871747684847043e-06,0.0013441018888356547
11,NID1,63,4.4418025,5.9701223,8.920838620405467e-06,0.0013441018888356547
11,TRPC3,64,4.4269657,5.376627,9.556797196589376e-06,0.001426076304748755
11,CEBPD,65,4.421624,4.439005,9.796169812045362e-06,0.0014478738982203045
11,KANK2,66,4.413118,5.460639,1.0189255624853662e-05,0.0014735370053102987
11,RGS5,67,4.40105,5.7384653,1.0772814985707338e-05,0.0015198483251199289
11,DOCK6,68,4.361485,5.037925,1.2918268130838086e-05,0.0017432922010650108
11,FN1,69,4.322513,4.926419,1.5426192306874087e-05,0.0020637851587101633
11,TRIB2,70,4.3080716,4.680554,1.6468396814965315e-05,0.0021335875440262426
11,BSG,71,4.2522845,3.4970665,2.1160068662346287e-05,0.0026916647997619015
11,HNRNPA3,72,4.246152,2.193881,2.1747313048110048e-05,0.0027202971936651906
11,RBMS1,73,4.2104445,3.4446356,2.5486898119404157e-05,0.0031144186764963237
11,UST,74,4.1637573,3.0604122,3.13053040014319e-05,0.0037086031511314632
11,ADGRD1,75,4.111531,6.767573,3.930441977934568e-05,0.0044461867275497014
11,SMOC2,76,4.106783,6.9244866,4.012076580301338e-05,0.0044461867275497014
11,GPC5,77,4.1058927,3.0703435,4.027561122602217e-05,0.0044461867275497014
11,SPARCL1,78,4.1052003,2.2980826,4.039643846797525e-05,0.0044461867275497014
11,INPP4B,79,4.0882864,2.5921087,4.345716181854968e-05,0.004716165694140366
11,CYTH3,80,4.0845275,3.3001459,4.4166578180222046e-05,0.004759868935964346
11,ITGA10,81,4.0573263,6.146776,4.963768292407996e-05,0.0051699812167704485
11,PITPNC1,82,4.0502048,2.7891,5.117285731777409e-05,0.005259281938506862
11,DGKH,83,4.0403132,2.8325782,5.3379838143879555e-05,0.005450011237860966
11,SLC12A7,84,4.015783,5.493698,5.92487989951167e-05,0.0059706630623715335
11,GRK5,85,3.9850209,4.0241995,6.74742235518167e-05,0.006644004508091409
11,ARHGEF17,86,3.9844272,3.6579473,6.76430641328979e-05,0.006644004508091409
11,ITGA1,87,3.976712,5.275825,6.987469130096918e-05,0.006777408339373379
11,PLCE1,88,3.9569294,3.7918408,7.591936278556979e-05,0.007272793772032454
11,COL4A3,89,3.9400153,5.1105704,8.147644702789614e-05,0.0076632301904601225
11,PARVA,90,3.9083629,3.7005877,9.292364372266526e-05,0.008482835452541424
11,SPARC,91,3.8815575,3.54895,0.00010378964159605607,0.009364601441448803
11,JAG1,92,3.8568292,5.561563,0.00011486742320839142,0.010244985866500153
11,BTBD9,93,3.8464432,2.0507147,0.00011984490897481935,0.01062784652788698
11,PAG1,94,3.8439703,2.6089177,0.00012105964236329382,0.010674571533158846
11,TNS2,95,3.8392224,3.411582,0.00012342454106811234,0.010709325289958995
11,ZEB1,96,3.8355627,2.3108118,0.00012527713607471446,0.010741303175378417
11,APOLD1,97,3.823594,3.378474,0.0001315203140551348,0.011153353846019873
11,CSPG4,98,3.8133073,4.2413354,0.00013711949707162166,0.011416119789956308
11,LZTS1,99,3.8110323,4.5164986,0.00013838773820501493,0.011416119789956308
11,SLC6A1,100,3.8099442,2.8726928,0.00013899818671087675,0.011416119789956308
12,F13A1,1,7.108506,10.026238,1.173055274213728e-12,1.8204644800522847e-08
12,FMN1,2,6.695444,5.2104454,2.1501748390446395e-11,1.6684281663566882e-07
12,TBXAS1,3,6.31809,5.1187916,2.648161366802162e-10,1.0758370982438367e-06
12,RBM47,4,6.310968,5.861199,2.7729546961629914e-10,1.0758370982438367e-06
12,MRC1,5,6.178523,7.2600884,6.470403581874471e-10,2.008283863742198e-06
12,SLC9A9,6,5.9840593,3.505805,2.1764383561244414e-09,5.0776616791226894e-06
12,MS4A6A,7,5.975751,5.6968174,2.2903300311784795e-09,5.0776616791226894e-06
12,MBNL1,8,5.6675367,2.3391588,1.4486500185684065e-08,1.7293538183202385e-05
12,FCHSD2,9,5.5787125,2.8160942,2.423052621101653e-08,2.6859538304911823e-05
12,DOCK2,10,5.4954276,4.4716005,3.8976500462696093e-08,3.8188079873565784e-05
12,MERTK,11,5.493647,4.2421193,3.937169134461322e-08,3.8188079873565784e-05
12,ARHGAP18,12,5.340628,4.3112254,9.262507995085047e-08,6.249776590248906e-05
12,PSAP,13,5.3176804,2.295782,1.0509855469756848e-07,6.795935293131523e-05
12,FLI1,14,5.263871,4.721634,1.4105314488999375e-07,8.107421316843752e-05
12,DENND1A,15,5.127272,2.240213,2.939705682413418e-07,0.00015731480167370288
12,SLCO2B1,16,5.107984,4.6459637,3.256142933006937e-07,0.00016300671670107952
12,SLC1A3,17,5.0458665,3.4119487,4.5147086552425407e-07,0.00020606989300208525
12,ADAP2,18,5.0300403,4.718316,4.903769070173359e-07,0.00021743312057148674
12,CD163,19,4.9441833,7.349848,7.64636717856515e-07,0.0002966599306103814
12,STARD13,20,4.9054093,3.2447753,9.323265510026117e-07,0.00034449466059546503
12,STAB1,21,4.8826594,6.0247655,1.046645912893576e-06,0.0003638625040246258
12,SAT1,22,4.881077,3.672518,1.0550816857470301e-06,0.0003638625040246258
12,DPYD,23,4.773657,2.4587073,1.8091052532529004e-06,0.0005399135466390723
12,DISC1,24,4.6740513,3.0209079,2.9531577600102275e-06,0.0007274611948825194
12,FNDC3B,25,4.666237,2.9633539,3.06765906105518e-06,0.0007275912471739961
12,RCSD1,26,4.666039,4.0137353,3.0706123904166302e-06,0.0007275912471739961
12,FYB1,27,4.6644564,4.2170067,3.0943374130732487e-06,0.0007275912471739961
12,FKBP5,28,4.5824575,3.39228,4.595434286526056e-06,0.0010217040976182345
12,TLR2,29,4.5458593,4.4722376,5.471154462462936e-06,0.001179261751430032
12,FOXN3,30,4.512229,2.3941631,6.414990538348031e-06,0.0013598360285223667
12,PARP14,31,4.4988756,4.04186,6.831381966259584e-06,0.001413549556458433
12,FRMD4B,32,4.4783015,2.6815455,7.5239247482425806e-06,0.001528400226076786
12,MANBA,33,4.47662,3.2970068,7.583402114048104e-06,0.001528400226076786
12,TRIO,34,4.4270644,1.7736331,9.55241751081702e-06,0.001900563683979094
12,SKAP2,35,4.415195,3.2863169,1.0091902398634718e-05,0.0019335337447458295
12,LYVE1,36,4.404809,5.7649503,1.0587712374549883e-05,0.0019959697827571384
12,ARHGAP15,37,4.4030285,3.758555,1.067501075899494e-05,0.0019959697827571384
12,RREB1,38,4.3971925,3.914996,1.096599958307053e-05,0.0020259684229722804
12,AKAP13,39,4.378597,2.8625572,1.1944579601356282e-05,0.0021306658716488294
12,KYNU,40,4.28186,4.763792,1.853378192215785e-05,0.0029665644169203915
12,CSF1R,41,4.201641,3.815427,2.649871310465356e-05,0.003916509796867796
12,PLXDC2,42,4.151591,2.2524178,3.30172162207233e-05,0.004451941458301413
12,ARHGAP24,43,4.145854,3.5679233,3.385497041604623e-05,0.004452502422767978
12,RBMS1,44,4.1338854,3.5692759,3.5668145451039374e-05,0.004574660737641984
12,AOAH,45,4.116773,3.7581713,3.842135875378229e-05,0.004887385790983174
12,RIN3,46,4.1085634,3.450431,3.981276823301585e-05,0.004982696372646556
12,CR1,47,4.090067,6.4264417,4.312490786410568e-05,0.0053115511519290165
12,PYGL,48,4.029136,3.7881606,5.59821971427685e-05,0.006495291640934087
12,ZFAND3,49,4.02696,1.4193366,5.650263364431354e-05,0.006495291640934087
12,SBF2,50,4.015783,1.5246352,5.92487989951167e-05,0.006760897879450118
12,COLEC12,51,3.997484,3.9387844,6.4019357033619e-05,0.007199394215976328
12,GAB2,52,3.9816577,1.9661181,6.84362864585415e-05,0.007526150994603607
12,EPB41L3,53,3.953962,2.2637794,7.686762926785514e-05,0.008224850996154644
12,FGD2,54,3.9523795,3.6166909,7.737793965065907e-05,0.008224850996154644
12,IQGAP2,55,3.9493132,5.315356,7.837579478815914e-05,0.008225131712779402
12,ATG7,56,3.9491153,2.2592063,7.844058853607522e-05,0.008225131712779402
12,CSGALNACT1,57,3.9434772,2.7607849,8.030864119505016e-05,0.008364495320174385
12,CPED1,58,3.862467,3.5211406,0.00011224766844801521,0.010887322291529675
12,EPS8,59,3.8542573,2.9053628,0.00011608145448344383,0.011189242808251955
12,BMP2K,60,3.8421898,2.7449405,0.00012194142822102882,0.011539079418061867
12,RUNX1,61,3.8094497,3.2555497,0.00013927650099815328,0.012865666779704408
12,AKAP10,62,3.797679,2.6543343,0.00014605735842040672,0.013333318501919364
12,NFATC2,63,3.7957995,3.3330412,0.00014716837939522383,0.013356175905464786
12,EDA,64,3.7913485,3.5766032,0.00014983156902323216,0.013518814649253138
12,DOCK8,65,3.7671146,3.2899365,0.00016514515497736363,0.014729239425825897
12,MEF2A,66,3.7626636,2.123895,0.00016811328192913215,0.014908285841475438
12,SPRED1,67,3.7428808,2.0474374,0.0001819224640882959,0.015860981574080134
12,SIGLEC1,68,3.7333853,7.737243,0.00018892330532614484,0.01610934491954089
12,CFLAR,69,3.7252743,2.7576663,0.00019510292745947955,0.016366499087803583
12,WDFY3,70,3.7150862,1.5393289,0.0002031343896495659,0.016801138782478235
12,CPM,71,3.6494079,3.1504083,0.0002628455610840882,0.020601516477090732
12,LDLRAD4,72,3.6418903,1.9560086,0.0002706433204503363,0.021000568450343843
12,HCLS1,73,3.634175,3.7604282,0.000278871384668697,0.021531368252107008
12,PIK3R5,74,3.6107328,3.6996684,0.0003053332410964767,0.022564126517029628
12,RNF130,75,3.5952034,1.376144,0.00032413837379870376,0.023506090761598524
12,RBPJ,76,3.593027,2.4363859,0.0003268584650472248,0.023543555728232753
12,CARD8,77,3.587488,3.5818315,0.00033387903780985435,0.023543555728232753
12,ST6GAL1,78,3.5676064,2.383231,0.0003602570249677042,0.024959057011043756
12,MED13L,79,3.55,1.2065489,0.00038523131732149876,0.02610657123804515
12,LPP,80,3.5267553,1.7052027,0.00042068544665905486,0.028019817367819194
12,FOXP1,81,3.498367,1.4583725,0.0004681162860457963,0.03021112341763762
12,IL10RA,82,3.488278,4.5250206,0.00048614240816090786,0.031047094782918224
12,ANKRD11,83,3.4796724,1.2821983,0.0005020270636071188,0.03193015573819211
12,COG5,84,3.464341,1.73087,0.0005315323917309574,0.03339615865292602
12,KCNQ1,85,3.4549441,3.4500675,0.0005504067965585813,0.0344425930475509
12,TMEM106A,86,3.4465365,4.3909254,0.0005678217931057754,0.03538966428597803
12,RGL1,87,3.44258,2.229637,0.0005761934223716622,0.03562528176010289
12,SYK,88,3.4346669,3.4529588,0.0005932825424874476,0.036206551929973955
12,LYN,89,3.4317985,3.4116888,0.0005995930050907472,0.036206551929973955
12,NCOA3,90,3.4247756,2.7610564,0.0006153074261482648,0.0365860381087928
12,MTSS1,91,3.3914418,2.1642275,0.0006952592829470479,0.03996195856316754
12,KIF16B,92,3.3789787,2.1997156,0.0007275564058431929,0.04076154462917152
12,AP2A2,93,3.3770993,2.451459,0.0007325458246336119,0.040893448390248284
12,XAF1,94,3.3732417,4.0582705,0.0007428869919206619,0.04132209042156542
12,SRGN,95,3.3713624,4.2492995,0.0007479739635452277,0.04145645692949425
12,LRRFIP1,96,3.3665156,1.8662959,0.0007612426676593372,0.0420417258341824
12,SFMBT2,97,3.355932,2.3761141,0.0007909804113365522,0.04322262325187308
12,SUCLG2,98,3.3503928,2.5206184,0.0008069704950371719,0.04333347789786114
12,IL18,99,3.3302145,3.9898026,0.0008677912464172255,0.04627921770841554
12,RNF144B,100,3.3174546,3.8234494,0.0009084167231878706,0.04827986002449508
